,ifile,file,width,height
0,BSV_265,023301210220101210_x4_cropped,1024,561
1,BSV_323,020310023302030102_x4_cropped,1024,561
2,BSV_272,103331120131131310_x4_cropped,1024,561
3,BSV_258,103330233121001302_x4_cropped,1024,561
4,BSV_580,103330322201212202_x4_cropped,1024,561
5,BSV_469,103330322200303202_x4_cropped,1024,561
6,BSV_45,021000330320032210_x4_cropped,1024,561
7,BSV_410,021000330311000002_x4_cropped,1024,561
8,BSV_1,103331333021213102_x4_cropped,1024,561
9,BSV_154,020310220013311002_x4_cropped,1024,561
10,BSV_587,103331102200333110_x4_cropped,1024,561
11,BSV_252,021000330322002102_x4_cropped,1024,561
12,BSV_494,020310121333111210_x4_cropped,1024,561
13,BSV_119,021000330203012310_x4_cropped,1024,561
14,BSV_157,103330322123301302_x4_cropped,1024,561
15,BSV_18,103331102130003302_x4_cropped,1024,561
16,BSV_207,103331013100010310_x4_cropped,1024,561
17,BSV_467,103330313111030310_x4_cropped,1024,561
18,BSV_283,103331112011321310_x4_cropped,1024,561
19,BSV_33,021000331311033210_x4_cropped,1024,561
20,BSV_613,103330233121302102_x4_cropped,1024,561
21,BSV_483,021000330313101202_x4_cropped,1024,561
22,BSV_280,103332023123123302_x4_cropped,1024,561
23,BSV_416,103331212323101010_x4_cropped,1024,561
24,BSV_298,103331120123230202_x4_cropped,1024,561
25,BSV_232,021000133320131110_x4_cropped,1024,561
26,BSV_237,103330322201020202_x4_cropped,1024,561
27,BSV_641,021000322303122310_x4_cropped,1024,561
28,BSV_152,021000332102211010_x4_cropped,1024,561
29,BSV_57,103330322201211302_x4_cropped,1024,512
30,BSV_606,021000322030101102_x4_cropped,1024,561
31,BSV_108,021000331311031102_x4_cropped,1024,561
32,BSV_315,103331111300310110_x4_cropped,1024,561
33,BSV_395,103331102201031002_x4_cropped,1024,561
34,BSV_441,021000330132021210_x4_cropped,1024,561
35,BSV_41,103330233120231202_x4_cropped,1024,561
36,BSV_430,103332021020303110_x4_cropped,1024,561
37,BSV_89,103330300011312202_x4_cropped,1024,561
38,BSV_475,021012021321212110_x4_cropped,1024,561
39,BSV_555,021000322120301102_x4_cropped,1024,561
40,BSV_248,021000330322103002_x4_cropped,1024,561
41,BSV_336,021000133312300202_x4_cropped,1024,561
42,BSV_530,021000133300333310_x4_cropped,1024,561
43,BSV_164,103331102132331302_x4_cropped,1024,561
44,BSV_140,103331020022232210_x4_cropped,1024,561
45,BSV_343,103332113300220110_x4_cropped,1024,561
46,BSV_628,103330233302020010_x4_cropped,1024,561
47,BSV_461,103330233121221010_x4_cropped,1024,561
48,BSV_206,103332023121002002_x4_cropped,1024,561
49,BSV_39,021001132032030202_x4_cropped,1024,561
50,BSV_354,103332101103202210_x4_cropped,1024,561
51,BSV_92,103331110210230002_x4_cropped,1024,561
52,BSV_379,103330313110120010_x4_cropped,1024,561
53,BSV_109,021000332102101102_x4_cropped,1024,561
54,BSV_186,103331102201012302_x4_cropped,1024,561
55,BSV_251,021001132032210210_x4_cropped,1024,561
56,BSV_44,021000323320002102_x4_cropped,1024,561
57,BSV_562,021000330132031202_x4_cropped,1024,561
58,BSV_35,020303323310200202_x4_cropped,1024,561
59,BSV_486,021000323233112310_x4_cropped,1024,561
60,BSV_199,021001000001333302_x4_cropped,1024,561
61,BSV_130,103330322121133010_x4_cropped,1024,561
62,BSV_190,103331120123210010_x4_cropped,1024,561
63,BSV_327,021000331300322010_x4_cropped,1024,561
64,BSV_105,103330322120223002_x4_cropped,1024,561
65,BSV_346,103330233302013010_x4_cropped,1024,561
66,BSV_443,021123221210230102_x4_cropped,1024,561
67,BSV_497,103330322133321010_x4_cropped,1024,561
68,BSV_349,103331331103213110_x4_cropped,1024,561
69,BSV_627,103331202033200110_x4_cropped,1024,561
70,BSV_299,103330233233200202_x4_cropped,1024,561
71,BSV_602,020310023302012102_x4_cropped,1024,561
72,BSV_220,021000323320013310_x4_cropped,1024,561
73,BSV_95,110113110122203110_x4_cropped,1024,561
74,BSV_404,021000322030120302_x4_cropped,1024,561
75,BSV_420,103330233233133110_x4_cropped,1024,517
76,BSV_188,103331110210331302_x4_cropped,1024,561
77,BSV_611,021001000001030110_x4_cropped,1024,561
78,BSV_62,103330322132033310_x4_cropped,1024,561
79,BSV_181,021000323300213302_x4_cropped,1024,561
80,BSV_601,021000331301001102_x4_cropped,1024,561
81,BSV_270,021000333320221302_x4_cropped,1024,561
82,BSV_496,103331200301113110_x4_cropped,1024,561
83,BSV_411,021000201222300210_x4_cropped,1024,528
84,BSV_191,103330313111022310_x4_cropped,1024,561
85,BSV_550,103331212332223002_x4_cropped,1024,561
86,BSV_67,021000330313223010_x4_cropped,1024,561
87,BSV_12,103331331110000202_x4_cropped,1024,552
88,BSV_381,103331013032120002_x4_cropped,1024,561
89,BSV_418,103331120131120110_x4_cropped,1024,561
90,BSV_124,020310023302032310_x4_cropped,1024,561
91,BSV_166,103331202033001110_x4_cropped,1024,561
92,BSV_356,103330322200323102_x4_cropped,1024,561
93,BSV_322,103330233120331302_x4_cropped,1024,561
94,BSV_436,020310023302223210_x4_cropped,1024,561
95,BSV_253,020310220013231210_x4_cropped,1024,561
96,BSV_450,020233202033232202_x4_cropped,1024,561
97,BSV_644,020310102022303210_x4_cropped,1024,561
98,BSV_86,021000133320121110_x4_cropped,1024,561
99,BSV_254,020310102022303110_x4_cropped,1024,561
100,BSV_573,103330322200213010_x4_cropped,1024,561
101,BSV_14,103332230201103002_x4_cropped,1024,561
102,BSV_278,103331102132212310_x4_cropped,1024,561
103,BSV_495,103331120131213010_x4_cropped,1024,561
104,BSV_183,021000330323213210_x4_cropped,1024,561
105,BSV_90,103331102122021110_x4_cropped,1024,561
106,BSV_357,103330313110301102_x4_cropped,1024,561
107,BSV_347,103331102200320310_x4_cropped,1024,561
108,BSV_365,021000201222230302_x4_cropped,1024,561
109,BSV_559,021000332102112210_x4_cropped,1024,561
110,BSV_616,103330313110032002_x4_cropped,1024,561
111,BSV_126,103331212332113302_x4_cropped,1024,561
112,BSV_310,020310122320323002_x4_cropped,1024,561
113,BSV_506,103331011322132302_x4_cropped,1024,561
114,BSV_570,020310101133321002_x4_cropped,1024,561
115,BSV_362,021000323300223002_x4_cropped,1024,561
116,BSV_387,103331013033111310_x4_cropped,1024,561
117,BSV_474,103331102121330110_x4_cropped,1024,561
118,BSV_73,021000322113303302_x4_cropped,1024,561
119,BSV_447,021000323320021210_x4_cropped,1024,561
120,BSV_478,021000330313201010_x4_cropped,1024,561
121,BSV_415,021000133302201102_x4_cropped,1024,561
122,BSV_417,103330313110202010_x4_cropped,1024,561
123,BSV_339,020310220013332102_x4_cropped,1024,561
124,BSV_19,103330322133312302_x4_cropped,1024,513
125,BSV_571,020310023332310310_x4_cropped,1024,561
126,BSV_273,103331121100332310_x4_cropped,1024,561
127,BSV_431,103331013033301102_x4_cropped,1024,561
128,BSV_83,103330233120311110_x4_cropped,1024,561
129,BSV_196,021000330310312002_x4_cropped,1024,561
130,BSV_482,021000322030121102_x4_cropped,1024,561
131,BSV_173,021000333320221102_x4_cropped,1024,561
132,BSV_510,110113202113233202_x4_cropped,1024,561
133,BSV_8,103330313110220102_x4_cropped,1024,561
134,BSV_582,103331013032322110_x4_cropped,1024,561
135,BSV_16,103330322132310202_x4_cropped,1024,561
136,BSV_120,020310102022203310_x4_cropped,1024,561
137,BSV_316,103331120132123302_x4_cropped,1024,561
138,BSV_545,103331102130110202_x4_cropped,1024,561
139,BSV_289,103330331023211210_x4_cropped,1024,561
140,BSV_112,021000330132021102_x4_cropped,1024,561
141,BSV_548,103330322133122302_x4_cropped,1024,561
142,BSV_544,103330313110031210_x4_cropped,1024,561
143,BSV_516,021000330203032102_x4_cropped,1024,561
144,BSV_508,103330313021331102_x4_cropped,1024,561
145,BSV_342,110113220321112302_x4_cropped,1024,561
146,BSV_476,020310220013231310_x4_cropped,1024,561
147,BSV_609,021000330311122102_x4_cropped,1024,561
148,BSV_128,103330313111023210_x4_cropped,1024,561
149,BSV_26,103332231303131310_x4_cropped,1024,561
150,BSV_118,020310303001222002_x4_cropped,1024,561
151,BSV_71,021000322030101002_x4_cropped,1024,561
152,BSV_528,103330233032111202_x4_cropped,1024,561
153,BSV_233,020310031101112310_x4_cropped,1024,561
154,BSV_435,021000322120021002_x4_cropped,1024,561
155,BSV_260,021001131123303010_x4_cropped,1024,561
156,BSV_388,103331120130310002_x4_cropped,1024,561
157,BSV_59,103330331032030010_x4_cropped,1024,561
158,BSV_174,021001131123303110_x4_cropped,1024,561
159,BSV_27,103330322132013202_x4_cropped,1024,561
160,BSV_102,103330322133222002_x4_cropped,1024,561
161,BSV_142,103330322133233010_x4_cropped,1024,561
162,BSV_241,103330331031030302_x4_cropped,1024,561
163,BSV_198,020303311200202010_x4_cropped,1024,561
164,BSV_84,021000322030102002_x4_cropped,1024,561
165,BSV_604,021000322030202102_x4_cropped,1024,561
166,BSV_64,103330233233213102_x4_cropped,1024,561
167,BSV_633,021000330311131210_x4_cropped,1024,561
168,BSV_268,020301110013020002_x4_cropped,1024,561
169,BSV_6,103331013100011102_x4_cropped,1024,561
170,BSV_645,021000330323210302_x4_cropped,1024,561
171,BSV_81,021000133320012310_x4_cropped,1024,561
172,BSV_344,103330331023102002_x4_cropped,1024,561
173,BSV_621,103330322131011002_x4_cropped,1024,561
174,BSV_34,021000133320013202_x4_cropped,1024,561
175,BSV_218,103331102132200210_x4_cropped,1024,561
176,BSV_225,021000330321121210_x4_cropped,1024,561
177,BSV_177,020310220021332302_x4_cropped,1024,561
178,BSV_329,031332313031031202_x4_cropped,1024,561
179,BSV_517,021000201222233202_x4_cropped,1024,561
180,BSV_221,021000330311123010_x4_cropped,1024,561
181,BSV_566,021000333320300310_x4_cropped,1024,561
182,BSV_249,021000323300020302_x4_cropped,1024,561
183,BSV_195,021000322113301002_x4_cropped,1024,561
184,BSV_85,031332313031023110_x4_cropped,1024,561
185,BSV_581,103330233121101010_x4_cropped,1024,561
186,BSV_392,103331200301113310_x4_cropped,1024,561
187,BSV_97,103331013033133010_x4_cropped,1024,561
188,BSV_60,103332113300213102_x4_cropped,1024,561
189,BSV_493,021000332102103310_x4_cropped,1024,561
190,BSV_489,021001131123302310_x4_cropped,1024,561
191,BSV_189,103330322121111202_x4_cropped,1024,561
192,BSV_547,103331131203210210_x4_cropped,1024,561
193,BSV_374,021000133311001010_x4_cropped,1024,561
194,BSV_406,021000331300332202_x4_cropped,1024,561
195,BSV_484,021000133320123310_x4_cropped,1024,561
196,BSV_224,020310220013233202_x4_cropped,1024,561
197,BSV_546,103332111120122102_x4_cropped,1024,561
198,BSV_608,020310221032333302_x4_cropped,1024,561
199,BSV_603,020310102022210010_x4_cropped,1024,561
200,BSV_518,103330233120310210_x4_cropped,1024,518
201,BSV_440,021000330311210010_x4_cropped,1024,561
202,BSV_512,103330313103321202_x4_cropped,1024,561
203,BSV_300,021000133320121310_x4_cropped,1024,561
204,BSV_143,103331102201021002_x4_cropped,1024,561
205,BSV_453,020310220013310202_x4_cropped,1024,561
206,BSV_405,020310023333000210_x4_cropped,1024,561
207,BSV_297,110113122310212302_x4_cropped,1024,561
208,BSV_617,103330322123033302_x4_cropped,1024,521
209,BSV_111,021000322113001302_x4_cropped,1024,512
210,BSV_438,021000322030101202_x4_cropped,1024,561
211,BSV_284,103331121103301110_x4_cropped,1024,561
212,BSV_203,020310023333001110_x4_cropped,1024,561
213,BSV_634,021000131201020210_x4_cropped,1024,561
214,BSV_427,103331013100222210_x4_cropped,1024,561
215,BSV_239,103330233121231010_x4_cropped,1024,561
216,BSV_361,020310023332223202_x4_cropped,1024,561
217,BSV_586,103331121100130210_x4_cropped,1024,561
218,BSV_158,103331212331300302_x4_cropped,1024,561
219,BSV_257,021000330321223302_x4_cropped,1024,561
220,BSV_321,103331120123323010_x4_cropped,1024,561
221,BSV_47,020310023332333102_x4_cropped,1024,561
222,BSV_553,103330322131222002_x4_cropped,1024,561
223,BSV_402,021000333320300102_x4_cropped,1024,561
224,BSV_638,103330233120312110_x4_cropped,1024,561
225,BSV_141,110113103133330102_x4_cropped,1024,523
226,BSV_552,103330233121313102_x4_cropped,1024,561
227,BSV_568,020310023332310210_x4_cropped,1024,561
228,BSV_145,021000331301001210_x4_cropped,1024,561
229,BSV_648,021000330203030110_x4_cropped,1024,561
230,BSV_213,021000330323201310_x4_cropped,1024,561
231,BSV_514,103330313111021002_x4_cropped,1024,561
232,BSV_635,021000322120022310_x4_cropped,1024,561
233,BSV_110,021000133320110110_x4_cropped,1024,561
234,BSV_200,021000330200011202_x4_cropped,1024,450
235,BSV_593,021000323300100110_x4_cropped,1024,561
236,BSV_319,103330322200131202_x4_cropped,1024,561
237,BSV_153,021001000002233210_x4_cropped,1024,561
238,BSV_341,021000330203032210_x4_cropped,1024,561
239,BSV_229,103331120131133210_x4_cropped,1024,561
240,BSV_209,103331020022110310_x4_cropped,1024,561
241,BSV_558,020303310121220102_x4_cropped,1024,561
242,BSV_266,021000331303032310_x4_cropped,1024,561
243,BSV_285,103330313110031202_x4_cropped,1024,561
244,BSV_168,020310023333123102_x4_cropped,1024,561
245,BSV_454,020310023302110102_x4_cropped,1024,561
246,BSV_360,103330322121133210_x4_cropped,1024,561
247,BSV_597,021000330311032002_x4_cropped,1024,561
248,BSV_401,021000330322201010_x4_cropped,1024,561
249,BSV_309,021000331301131202_x4_cropped,1024,561
250,BSV_294,103330322200200102_x4_cropped,1024,943
251,BSV_442,020310023333032110_x4_cropped,1024,561
252,BSV_104,103332113301023210_x4_cropped,1024,561
253,BSV_519,021000330323201102_x4_cropped,1024,561
254,BSV_330,021001132032213302_x4_cropped,1024,561
255,BSV_313,103332023122131302_x4_cropped,1024,561
256,BSV_523,020310023302023210_x4_cropped,1024,561
257,BSV_504,103332220032110210_x4_cropped,1024,561
258,BSV_54,103330313010311010_x4_cropped,1024,561
259,BSV_333,021001000002002302_x4_cropped,1024,561
260,BSV_117,021000330313111010_x4_cropped,1024,561
261,BSV_121,020310023302012310_x4_cropped,1024,561
262,BSV_340,103330233003121202_x4_cropped,1024,561
263,BSV_10,103330322200130002_x4_cropped,1024,561
264,BSV_193,021000331301003302_x4_cropped,1024,561
265,BSV_338,020310220013233302_x4_cropped,1024,561
266,BSV_317,103332200123001110_x4_cropped,1024,561
267,BSV_2,103332101102113002_x4_cropped,1024,561
268,BSV_498,103330313111021302_x4_cropped,1024,561
269,BSV_30,021000330132320202_x4_cropped,1024,561
270,BSV_352,103331102200330302_x4_cropped,1024,561
271,BSV_468,103331013031322010_x4_cropped,1024,561
272,BSV_397,103330322200313310_x4_cropped,1024,561
273,BSV_372,021000330311032202_x4_cropped,1024,561
274,BSV_396,103330322201103010_x4_cropped,1024,561
275,BSV_147,021000330322133102_x4_cropped,1024,561
276,BSV_500,103331110210231202_x4_cropped,1024,561
277,BSV_115,021000331303012302_x4_cropped,1024,561
278,BSV_246,103330233121133302_x4_cropped,1024,561
279,BSV_386,103330322200103302_x4_cropped,1024,561
280,BSV_503,103332113300213202_x4_cropped,1024,561
281,BSV_409,021000333320213102_x4_cropped,1024,561
282,BSV_175,021000331301000010_x4_cropped,1024,561
283,BSV_290,103331110211020002_x4_cropped,1024,561
284,BSV_70,021000331301003202_x4_cropped,1024,561
285,BSV_25,103330313111033310_x4_cropped,1024,538
286,BSV_520,021000330321300110_x4_cropped,1024,561
287,BSV_640,021000323320222210_x4_cropped,1024,561
288,BSV_389,103330322132002002_x4_cropped,1024,561
289,BSV_296,103331120131202210_x4_cropped,1024,561
290,BSV_149,020303323310211110_x4_cropped,1024,561
291,BSV_234,021000330320320010_x4_cropped,1024,561
292,BSV_448,020310023333000202_x4_cropped,1024,561
293,BSV_488,020300300320210102_x4_cropped,1024,561
294,BSV_539,103332132031302302_x4_cropped,1024,561
295,BSV_456,103331120131000002_x4_cropped,1024,561
296,BSV_179,021000330322231210_x4_cropped,1024,561
297,BSV_630,103330313110220002_x4_cropped,1024,561
298,BSV_160,103330331031031102_x4_cropped,1024,512
299,BSV_29,103330233120302110_x4_cropped,1024,561
300,BSV_151,020310023302032202_x4_cropped,1024,561
301,BSV_131,103331102122100110_x4_cropped,1024,561
302,BSV_649,020310023333132102_x4_cropped,1024,561
303,BSV_481,020310220013302210_x4_cropped,1024,561
304,BSV_305,021000330320312210_x4_cropped,1024,561
305,BSV_331,021000133320031302_x4_cropped,1024,561
306,BSV_267,031332313031032302_x4_cropped,1024,427
307,BSV_594,021001000002121002_x4_cropped,1024,561
308,BSV_184,103330233120300010_x4_cropped,1024,561
309,BSV_642,021000330322201302_x4_cropped,1024,561
310,BSV_182,021000331301012202_x4_cropped,1024,561
311,BSV_465,110113202101130010_x4_cropped,1024,561
312,BSV_364,021000333320320202_x4_cropped,1024,561
313,BSV_335,021000322030120202_x4_cropped,1024,561
314,BSV_28,020310031101211302_x4_cropped,1024,561
315,BSV_22,103331331110110302_x4_cropped,1024,561
316,BSV_307,021000331233320210_x4_cropped,1024,561
317,BSV_99,103330233302030202_x4_cropped,1024,561
318,BSV_631,103331211220101002_x4_cropped,1024,561
319,BSV_255,021000323320010002_x4_cropped,1024,561
320,BSV_507,103331010213202110_x4_cropped,1024,561
321,BSV_492,021001000001321310_x4_cropped,1024,561
322,BSV_432,103330322133231010_x4_cropped,1024,561
323,BSV_384,103330322133330302_x4_cropped,1024,561
324,BSV_123,021000133320031002_x4_cropped,1024,561
325,BSV_187,103332302110333302_x4_cropped,1024,561
326,BSV_150,020310023300330210_x4_cropped,1024,561
327,BSV_269,021000322120032202_x4_cropped,1024,561
328,BSV_106,021000330133122110_x4_cropped,1024,561
329,BSV_194,021000331311101210_x4_cropped,1024,561
330,BSV_583,103331102201022202_x4_cropped,1024,561
331,BSV_292,103331102200321110_x4_cropped,1024,561
332,BSV_56,110112331300100102_x4_cropped,1024,561
333,BSV_394,103331120123023002_x4_cropped,1024,561
334,BSV_0,103331013100002210_x4_cropped,1024,561
335,BSV_371,021000332102112010_x4_cropped,1024,561
336,BSV_445,103330233030001202_x4_cropped,1024,561
337,BSV_301,021000131201031210_x4_cropped,1024,561
338,BSV_382,103330331023033110_x4_cropped,1024,561
339,BSV_65,103331013101101302_x4_cropped,1024,561
340,BSV_125,021000330203031310_x4_cropped,1024,561
341,BSV_94,103331102133120102_x4_cropped,1024,561
342,BSV_393,103330331021322010_x4_cropped,1024,561
343,BSV_312,021000330321221202_x4_cropped,1024,561
344,BSV_535,103331120123021002_x4_cropped,1024,561
345,BSV_205,103331022101120102_x4_cropped,1024,561
346,BSV_531,021000332111020202_x4_cropped,1024,561
347,BSV_643,021000331233312202_x4_cropped,1024,561
348,BSV_63,103332220023230310_x4_cropped,1024,561
349,BSV_80,020310101133311102_x4_cropped,1024,561
350,BSV_565,020310221032233002_x4_cropped,1024,561
351,BSV_180,021001000002302010_x4_cropped,1024,561
352,BSV_610,021000330321212102_x4_cropped,1024,561
353,BSV_564,021000322030311302_x4_cropped,1024,561
354,BSV_569,021001132032232302_x4_cropped,1024,561
355,BSV_477,021000322113233002_x4_cropped,1024,561
356,BSV_87,103331212332301202_x4_cropped,1024,561
357,BSV_204,103331121100210302_x4_cropped,1024,561
358,BSV_623,103331120123212302_x4_cropped,1024,561
359,BSV_499,103331010011312110_x4_cropped,1024,561
360,BSV_38,021000131201022110_x4_cropped,1024,561
361,BSV_271,103330322131033002_x4_cropped,1024,561
362,BSV_247,103330322122232102_x4_cropped,1024,561
363,BSV_13,103331120131101002_x4_cropped,1024,561
364,BSV_433,103331120131323302_x4_cropped,1024,561
365,BSV_355,103331212332222102_x4_cropped,1024,561
366,BSV_345,103331102133131210_x4_cropped,1024,561
367,BSV_302,021000133320000010_x4_cropped,1024,561
368,BSV_211,021000133320121010_x4_cropped,1024,561
369,BSV_61,103330322133112302_x4_cropped,1024,561
370,BSV_595,020310103323031310_x4_cropped,1024,561
371,BSV_521,021001131123221310_x4_cropped,1024,561
372,BSV_127,103331013033101310_x4_cropped,1024,561
373,BSV_326,021000330313223310_x4_cropped,1024,561
374,BSV_540,103330322120221302_x4_cropped,1024,561
375,BSV_74,021000330133203102_x4_cropped,1024,561
376,BSV_647,020310023332222110_x4_cropped,1024,561
377,BSV_619,103330322201222002_x4_cropped,1024,561
378,BSV_592,103330322121020102_x4_cropped,1024,561
379,BSV_532,021000330320333110_x4_cropped,1024,561
380,BSV_407,021000322113301110_x4_cropped,1024,556
381,BSV_424,110113220321333002_x4_cropped,1024,561
382,BSV_176,021000322113231102_x4_cropped,1024,561
383,BSV_201,021000330321211002_x4_cropped,1024,561
384,BSV_214,021000322023301110_x4_cropped,1024,561
385,BSV_306,021001000001011110_x4_cropped,1024,561
386,BSV_377,021000330200133110_x4_cropped,1024,561
387,BSV_363,021001132032203210_x4_cropped,1024,561
388,BSV_380,103330313110211302_x4_cropped,1024,561
389,BSV_148,020310220013233102_x4_cropped,1024,561
390,BSV_607,021000322030222210_x4_cropped,1024,561
391,BSV_9,021000331303030202_x4_cropped,1024,561
392,BSV_591,103330322131230102_x4_cropped,1024,561
393,BSV_77,021000322030213302_x4_cropped,1024,561
394,BSV_256,103330322200330302_x4_cropped,1024,561
395,BSV_485,020310032323122210_x4_cropped,1024,561
396,BSV_262,020310023302110202_x4_cropped,1024,561
397,BSV_408,103330233121013002_x4_cropped,1024,561
398,BSV_413,020310103323032210_x4_cropped,1024,561
399,BSV_466,103330322131010302_x4_cropped,1024,561
400,BSV_589,103330322130130302_x4_cropped,1024,561
401,BSV_403,021000331300332102_x4_cropped,1024,561
402,BSV_259,021000330322200310_x4_cropped,1024,561
403,BSV_428,110113033312233102_x4_cropped,1024,561
404,BSV_524,021000322030110202_x4_cropped,1024,561
405,BSV_210,103330313110210210_x4_cropped,1024,561
406,BSV_238,110113210320231002_x4_cropped,1024,561
407,BSV_576,103331120132301002_x4_cropped,1024,561
408,BSV_37,020310023302012002_x4_cropped,1024,561
409,BSV_574,103331013033301002_x4_cropped,1024,561
410,BSV_622,103331013033303202_x4_cropped,1024,561
411,BSV_579,103330233233122310_x4_cropped,1024,561
412,BSV_536,103331102123220202_x4_cropped,1024,561
413,BSV_91,103330322200321202_x4_cropped,1024,561
414,BSV_314,103331102123022210_x4_cropped,1024,561
415,BSV_146,021000133311023010_x4_cropped,1024,561
416,BSV_505,103331102132231210_x4_cropped,1024,561
417,BSV_351,103330322132101302_x4_cropped,1024,561
418,BSV_525,021001131122331102_x4_cropped,1024,561
419,BSV_511,103330331032013202_x4_cropped,1024,561
420,BSV_529,020310221032232102_x4_cropped,1024,561
421,BSV_318,103331212323311302_x4_cropped,1024,561
422,BSV_439,021000330321312102_x4_cropped,1024,561
423,BSV_370,103330233003101102_x4_cropped,1024,561
424,BSV_32,021000330322011002_x4_cropped,1024,561
425,BSV_155,021000330320222010_x4_cropped,1024,561
426,BSV_287,103331013031303002_x4_cropped,1024,561
427,BSV_426,103330322121111302_x4_cropped,1024,561
428,BSV_422,103330322201002002_x4_cropped,1024,561
429,BSV_185,021000333320210302_x4_cropped,1024,561
430,BSV_162,103330300200223002_x4_cropped,1024,561
431,BSV_376,021000323233333202_x4_cropped,1024,561
432,BSV_561,021000131203023210_x4_cropped,1024,561
433,BSV_197,021000331233211310_x4_cropped,1024,561
434,BSV_53,103331011322131110_x4_cropped,1024,561
435,BSV_390,103332231303222002_x4_cropped,1024,844
436,BSV_368,020310122312031102_x4_cropped,1024,561
437,BSV_400,021000322120300310_x4_cropped,1024,561
438,BSV_600,021000330310303302_x4_cropped,1024,561
439,BSV_243,021000330312132310_x4_cropped,1024,561
440,BSV_281,110113101112230202_x4_cropped,1024,561
441,BSV_455,103330233233200102_x4_cropped,1024,561
442,BSV_429,103331212323021002_x4_cropped,1024,561
443,BSV_337,021000330323212202_x4_cropped,1024,561
444,BSV_68,021000333320300302_x4_cropped,1024,561
445,BSV_473,103330233121100210_x4_cropped,1024,561
446,BSV_479,020310031101213302_x4_cropped,1024,561
447,BSV_75,021000330131330202_x4_cropped,1024,561
448,BSV_460,103332023122012202_x4_cropped,1024,561
449,BSV_295,103331121110023210_x4_cropped,1024,561
450,BSV_543,103330233121320310_x4_cropped,1024,561
451,BSV_21,103330331031110002_x4_cropped,1024,561
452,BSV_219,021000322030103002_x4_cropped,1024,561
453,BSV_304,021000323233113010_x4_cropped,1024,561
454,BSV_79,021000330322321002_x4_cropped,1024,561
455,BSV_487,021000322030121302_x4_cropped,1024,561
456,BSV_412,020310023302013102_x4_cropped,1024,561
457,BSV_618,103331333031001302_x4_cropped,1024,561
458,BSV_46,021001000002000102_x4_cropped,1024,561
459,BSV_170,103330233003132002_x4_cropped,1024,561
460,BSV_551,103331111301002002_x4_cropped,1024,561
461,BSV_276,103330322131333302_x4_cropped,1024,561
462,BSV_3,103331102201022102_x4_cropped,1024,561
463,BSV_23,103330322123021302_x4_cropped,1024,561
464,BSV_350,103331100103031302_x4_cropped,1024,561
465,BSV_223,103330233120211310_x4_cropped,1024,561
466,BSV_245,103330322200221202_x4_cropped,1024,512
467,BSV_286,110113202103212202_x4_cropped,1024,561
468,BSV_457,110113111220313102_x4_cropped,1024,561
469,BSV_459,103331120130212102_x4_cropped,1024,561
470,BSV_82,103330233003112010_x4_cropped,1024,561
471,BSV_480,020310023300210002_x4_cropped,1024,561
472,BSV_178,021001132032031002_x4_cropped,1024,561
473,BSV_24,103332113300222002_x4_cropped,1024,561
474,BSV_96,103331120132031102_x4_cropped,1024,561
475,BSV_50,103330322200232202_x4_cropped,1024,561
476,BSV_515,020310212132201010_x4_cropped,1024,561
477,BSV_156,103331120121223210_x4_cropped,1024,561
478,BSV_261,021000330312133310_x4_cropped,1024,561
479,BSV_537,103331110211013002_x4_cropped,1024,561
480,BSV_538,103331011322210010_x4_cropped,1024,561
481,BSV_567,021000322023211202_x4_cropped,1024,561
482,BSV_52,103331013100213102_x4_cropped,1024,561
483,BSV_369,021000331310213010_x4_cropped,1024,561
484,BSV_359,110113110121013210_x4_cropped,1024,561
485,BSV_217,103330322133032310_x4_cropped,1024,561
486,BSV_383,103331102201101202_x4_cropped,1024,561
487,BSV_560,021000133320121302_x4_cropped,1024,561
488,BSV_605,020310023333001010_x4_cropped,1024,561
489,BSV_114,021000322030023102_x4_cropped,1024,561
490,BSV_51,103330322131220102_x4_cropped,1024,561
491,BSV_231,021000133312332010_x4_cropped,1024,561
492,BSV_334,021001131123222002_x4_cropped,1024,561
493,BSV_578,110113101110212102_x4_cropped,1024,561
494,BSV_626,103331121111130202_x4_cropped,1024,561
495,BSV_172,023301210213232302_x4_cropped,1024,561
496,BSV_43,021000330203001302_x4_cropped,1024,561
497,BSV_279,103331331110130002_x4_cropped,1024,536
498,BSV_244,021000330321321302_x4_cropped,1024,561
499,BSV_490,021001132032211110_x4_cropped,1024,561
500,BSV_161,103330300001011002_x4_cropped,1024,561
501,BSV_632,020310233211001010_x4_cropped,1024,561
502,BSV_202,021000322303122102_x4_cropped,1024,561
503,BSV_132,103331010012232202_x4_cropped,1024,561
504,BSV_434,103330313111112010_x4_cropped,1024,561
505,BSV_542,103330233121021002_x4_cropped,1024,561
506,BSV_646,021001000001333102_x4_cropped,1024,561
507,BSV_385,103330313111101310_x4_cropped,1024,561
508,BSV_462,103331212331300102_x4_cropped,1024,561
509,BSV_584,103330322130221310_x4_cropped,1024,561
510,BSV_328,021001131123220110_x4_cropped,1024,561
511,BSV_554,020310220013302002_x4_cropped,1024,561
512,BSV_169,103330233120220202_x4_cropped,1024,561
513,BSV_556,021000131203101210_x4_cropped,1024,561
514,BSV_139,103330331030200202_x4_cropped,1024,561
515,BSV_425,103330233302010010_x4_cropped,1024,561
516,BSV_48,103331120131330302_x4_cropped,1024,561
517,BSV_491,021001000001032002_x4_cropped,1024,561
518,BSV_250,021000330321120310_x4_cropped,1024,561
519,BSV_36,021000133321002102_x4_cropped,1024,561
520,BSV_72,023301210213233202_x4_cropped,1024,526
521,BSV_637,021000333320300010_x4_cropped,1024,561
522,BSV_599,021000133312312310_x4_cropped,1024,561
523,BSV_391,103331102133012110_x4_cropped,1024,561
524,BSV_4,103330233330322202_x4_cropped,1024,561
525,BSV_31,021000323300220010_x4_cropped,1024,561
526,BSV_522,021000330132321002_x4_cropped,1024,561
527,BSV_624,103331103201021110_x4_cropped,1024,561
528,BSV_650,020310122322300102_x4_cropped,1024,561
529,BSV_263,020310220013312102_x4_cropped,1024,561
530,BSV_55,103331120130133302_x4_cropped,1024,561
531,BSV_101,110113101110221002_x4_cropped,1024,561
532,BSV_242,103331121103322102_x4_cropped,1024,561
533,BSV_40,021000323300211302_x4_cropped,1024,561
534,BSV_458,103331121101021010_x4_cropped,1024,561
535,BSV_133,103331120130120102_x4_cropped,1024,561
536,BSV_113,021000322023202010_x4_cropped,1024,561
537,BSV_230,103330322133021302_x4_cropped,1024,561
538,BSV_526,021000333320302310_x4_cropped,1024,561
539,BSV_358,103331102132331202_x4_cropped,1024,561
540,BSV_541,110113202102220202_x4_cropped,1024,561
541,BSV_222,021000322303120002_x4_cropped,1024,561
542,BSV_167,021000322113302202_x4_cropped,1024,561
543,BSV_502,103331013033211202_x4_cropped,1024,561
544,BSV_274,103332231303130010_x4_cropped,1024,561
545,BSV_557,021000330320111010_x4_cropped,1024,561
546,BSV_423,103330322200212310_x4_cropped,1024,561
547,BSV_303,021000330310330002_x4_cropped,1024,561
548,BSV_88,103332101102112302_x4_cropped,1024,561
549,BSV_444,021000322120301002_x4_cropped,1024,561
550,BSV_76,021000322030222010_x4_cropped,1024,561
551,BSV_134,103331102133132302_x4_cropped,1024,561
552,BSV_620,103331102132331102_x4_cropped,1024,561
553,BSV_42,021000331301131102_x4_cropped,1024,561
554,BSV_563,021000330313230110_x4_cropped,1024,561
555,BSV_625,103331121111130002_x4_cropped,1024,561
556,BSV_399,020310023302013010_x4_cropped,1024,561
557,BSV_293,103331120131013202_x4_cropped,1024,561
558,BSV_171,023301020320020310_x4_cropped,1024,561
559,BSV_348,110113132213112202_x4_cropped,1024,561
560,BSV_235,031332313032121010_x4_cropped,1024,561
561,BSV_596,021000133311022002_x4_cropped,1024,561
562,BSV_366,020310212113113310_x4_cropped,1024,561
563,BSV_129,103331331110121002_x4_cropped,1024,561
564,BSV_398,021000330132013202_x4_cropped,1024,561
565,BSV_215,021000322030112102_x4_cropped,1024,518
566,BSV_216,021000133311003110_x4_cropped,1024,561
567,BSV_614,103330313111100102_x4_cropped,1024,561
568,BSV_585,103331013102030002_x4_cropped,1024,561
569,BSV_549,103331120131133002_x4_cropped,1024,561
570,BSV_58,103331201023321302_x4_cropped,1024,561
571,BSV_78,023301103011332002_x4_cropped,1024,561
572,BSV_534,103331102123110002_x4_cropped,1024,561
573,BSV_639,021000330321321202_x4_cropped,1024,561
574,BSV_353,103331120122102102_x4_cropped,1024,561
575,BSV_437,020310220013302110_x4_cropped,1024,561
576,BSV_107,021000330313201110_x4_cropped,1024,561
577,BSV_471,103330322132010002_x4_cropped,1024,544
578,BSV_452,021000330133201210_x4_cropped,1024,561
579,BSV_472,103331102133032302_x4_cropped,1024,561
580,BSV_325,031332313032120310_x4_cropped,1024,561
581,BSV_122,020310102022232310_x4_cropped,1024,561
582,BSV_116,021000330132110110_x4_cropped,1024,561
583,BSV_414,103330233032111102_x4_cropped,1024,561
584,BSV_137,103330322123313002_x4_cropped,1024,561
585,BSV_100,103330331032113110_x4_cropped,1024,561
586,BSV_93,103330313011032002_x4_cropped,1024,561
587,BSV_527,020310023302012110_x4_cropped,1024,561
588,BSV_308,021000332102112110_x4_cropped,1024,561
589,BSV_288,103331212332221210_x4_cropped,1024,561
590,BSV_17,103331030121011202_x4_cropped,1024,561
591,BSV_598,021000330312223010_x4_cropped,1024,561
592,BSV_378,021000330322021102_x4_cropped,1024,561
593,BSV_98,103331120130303302_x4_cropped,1024,561
594,BSV_275,103330322123003302_x4_cropped,1024,561
595,BSV_419,103331331103213210_x4_cropped,1024,561
596,BSV_159,103331120130230102_x4_cropped,1024,561
597,BSV_324,021000331233313310_x4_cropped,1024,561
598,BSV_11,103331100112021102_x4_cropped,1024,561
599,BSV_192,110113103200122302_x4_cropped,1024,561
600,BSV_49,103332201101012302_x4_cropped,1024,561
601,BSV_470,103332113300231110_x4_cropped,1024,561
602,BSV_533,021000330321232110_x4_cropped,1024,561
603,BSV_69,021000331303022210_x4_cropped,1024,561
604,BSV_590,103330233233200302_x4_cropped,1024,561
605,BSV_421,103330322130211002_x4_cropped,1024,561
606,BSV_226,103331201023033210_x4_cropped,1024,561
607,BSV_136,103330322131220202_x4_cropped,1024,561
608,BSV_449,020300301122122302_x4_cropped,1024,561
609,BSV_375,021000330310303202_x4_cropped,1024,561
610,BSV_240,103331102200313102_x4_cropped,1024,561
611,BSV_615,103330322123201010_x4_cropped,1024,561
612,BSV_367,020310023333122302_x4_cropped,1024,561
613,BSV_464,103331121101333010_x4_cropped,1024,561
614,BSV_446,021001000001030302_x4_cropped,1024,561
615,BSV_7,103332101110110302_x4_cropped,1024,561
616,BSV_612,021001000001330302_x4_cropped,1024,561
617,BSV_572,021000330322023302_x4_cropped,1024,561
618,BSV_636,021001000001322110_x4_cropped,1024,561
619,BSV_20,103331121103321110_x4_cropped,1024,561
620,BSV_332,021001000002312010_x4_cropped,1024,561
621,GSV_190,7AEzt7nUCjgfLmZ5PJXUkg_right_cropped,768,400
622,GSV_177,6uDfXfuXpWk4KnnsrDup8w_left_cropped,768,294
623,GSV_43,0jSQ8L9Wu45zxv3_YFU-TA_right_cropped,768,433
624,GSV_352,uTrSLzr09cSnBhZZanHJTQ_right_cropped,768,433
625,GSV_303,RrX8jDboUGNizWSj1Mntpg_left_cropped,768,433
626,GSV_176,5CEfuFWL4S1iaHotF17wkQ_left_cropped,768,381
627,GSV_313,haYUm8vFd7anycEqj079bQ_right_cropped,768,433
628,GSV_137,5c79JCjUt2u4Hw6L8twErw_right_cropped,768,331
629,GSV_36,ML4qEznuDrnGHEpFbIWR0Q_left_cropped,768,433
630,GSV_288,pj3ni1XniVg9Jdnek83gew_right_cropped,768,433
631,GSV_232,7L3Td6NjgVvJfQ3Z6N9APw_right_cropped,768,313
632,GSV_138,6eZ6qPnNLNgrKJhZ0WnVtA_right_cropped,768,367
633,GSV_217,74mIsI3VDilhCDM7B1n6PA_right_cropped,768,165
634,GSV_173,6j7OrVdwMMVx4NWH7wWXSg_right_cropped,768,320
635,GSV_86,mMvuVG9_BZ0P7p5sV9FbXA_right_cropped,768,433
636,GSV_295,lGlw88esnABU8ARHAoDYeg_right_cropped,768,433
637,GSV_46,mKwsod5SaQ2iL2GFK3Hf7Q_left_cropped,768,433
638,GSV_60,0lk4HMBBSkpdeoZJM66L_A_left_cropped,768,433
639,GSV_261,6fv9SnxuF06Mw_jte6N-1w_left_cropped,768,382
640,GSV_97,MlgeaKEzPiQab5xtO6ldtg_right_cropped,768,433
641,GSV_320,C32tnvgp1etpXedaF4ZhsA_left_cropped,768,433
642,GSV_122,5w1gSkKylb1yrAVtuV9k-A_right_cropped,768,309
643,GSV_66,mLNhkHClIX4q0Md2JkXsBQ_right_cropped,768,433
644,GSV_117,MMRdbuctPfEa796NEZ3hXg_left_cropped,768,433
645,GSV_206,7hK0UHuZG6jYh9m5MKJORA_right_cropped,768,238
646,GSV_319,JZH0ZhrzgsPeUk36LFf4UA_right_cropped,768,433
647,GSV_279,E1EbKWmA6F7z9hrR5xGLig_right_cropped,768,433
648,GSV_40,ML9SgmQiXc19v87x3g8kKw_right_cropped,768,433
649,GSV_166,6mXqN0qH9zdtKxzEfGD0ww_left_cropped,768,364
650,GSV_228,7CkWHodH74tsNSdMs38ZQQ_right_cropped,768,320
651,GSV_21,0LJKGbsZtqDfCd1SZIKAMQ_left_cropped,768,433
652,GSV_25,MLGJYqQTUm5x1y_l_oWcOQ_right_cropped,768,433
653,GSV_70,0iay4CZutJCTb0nXf6tWIg_right_cropped,768,433
654,GSV_360,O43s-EvngQt8MQqGDrBgMQ_right_cropped,768,433
655,GSV_292,K5ihJimOmtjU0D-4Bm596A_left_cropped,768,433
656,GSV_17,0iSnmkk6yWDf5Fzu_gZY-g_right_cropped,768,433
657,GSV_72,mKQxoWgznYIaFhQTkRIatA_right_cropped,768,433
658,GSV_227,6KjNZi2_d6SaOuTUmXezIg_right_cropped,768,335
659,GSV_48,mNDkYNWXiQYnKf9cI4qZdQ_right_cropped,768,433
660,GSV_73,0jAV7PP_ZY3alWwO13ccTg_left_cropped,768,433
661,GSV_257,58dJz6sqscUMPJNf43rnAA_left_cropped,768,213
662,GSV_214,6lDo9v8_PIqVxlg8rrOvew_right_cropped,768,228
663,GSV_88,mMqMJtunzt-mBDWoL_WkEQ_right_cropped,768,433
664,GSV_131,6kwMZz5prV7PdG8aUpVMnw_right_cropped,768,353
665,GSV_268,B7SNCsJs4QZveWdDQuGCKg_right_cropped,768,433
666,GSV_251,5vtZybYrnfPH9aOpbPlmBQ_left_cropped,768,306
667,GSV_14,0hLbANpBtL95FqCZZ1_DRg_right_cropped,768,433
668,GSV_180,5P-EL6HKZmaH6yCqbkEOww_right_cropped,768,380
669,GSV_161,78ShYU2baYBKxAyxrgKZBw_right_cropped,768,236
670,GSV_280,qkTbhC9SFatUzRJ5ZeX1FQ_left_cropped,768,433
671,GSV_102,MM3gRQFmB9j_MT-aiEsFIg_right_cropped,768,433
672,GSV_185,5Wqk2aJLQVtKeMrrK1nZ1Q_left_cropped,768,434
673,GSV_159,6wP0YDAzFvZyidknSvMkpA_right_cropped,768,284
674,GSV_347,b1bjDcF0LkTqzLDzA_dxSw_right_cropped,768,433
675,GSV_328,ih4jKmyTY8DuKLQoovrShw_left_cropped,768,433
676,GSV_121,7BmpR_3uVOMrMC3YUcl6wA_right_cropped,768,395
677,GSV_345,jJe0mAazP9NrgXuWEtWNMA_right_cropped,768,433
678,GSV_175,6N2QiyRZumc8JFTwNGd_Ng_left_cropped,768,226
679,GSV_299,CfeJtRC0JTE1I3dD2LmtAw_left_cropped,768,433
680,GSV_89,0i7ErwrXe6agsJGpn1ycJw_right_cropped,768,433
681,GSV_307,PZ_APfkxBiGbuc2JayyJ3A_left_cropped,768,433
682,GSV_55,mJZWtDXgKVI0uN129h6dHA_right_cropped,768,433
683,GSV_87,mk4iSwYCPFDuIJ8icTwt2w_left_cropped,768,433
684,GSV_158,5rsD2qBDjN2qHrGaJM2yDQ_left_cropped,768,238
685,GSV_255,5v_OdliuRRTtl4sVX1S--g_right_cropped,768,364
686,GSV_338,pM4M5DTA5ux0Jf8ymzREOg_left_cropped,768,433
687,GSV_27,mmdUOilk44q8-22C4tAjyw_left_cropped,768,433
688,GSV_114,0GObfmcOyFALHiZeoYMVoA_left_cropped,768,433
689,GSV_318,bTmEd3BUWOSoiqiM4Rftiw_right_cropped,768,433
690,GSV_167,6J0lcFJJto9mOYF4mLp9Qw_right_cropped,768,290
691,GSV_92,mndBqbdlX64oJnM7lgDk2A_left_cropped,768,433
692,GSV_109,0LnYT_xHjfVQqocbdTlJPw_right_cropped,768,433
693,GSV_231,6f8GS_GYrMfVMHKKPzcqCg_left_cropped,768,191
694,GSV_100,Mk-7Bn1NEC82dsd8EA8KFg_left_cropped,768,433
695,GSV_244,5u5dNi7wq7hd8HOK-DmMAg_right_cropped,768,242
696,GSV_13,0lQyneTIAwkAAH5djTOvCA_right_cropped,768,433
697,GSV_141,5W9ZSmNrAlboxT2zsUFqqQ_left_cropped,768,185
698,GSV_94,MnAcj4QMzBFtyqgD0H5Hog_left_cropped,768,433
699,GSV_242,73Ou01cQWJLVrsRLx3NV-A_left_cropped,768,204
700,GSV_179,6rW55IMQdQlhvkzD-_JAwQ_right_cropped,768,254
701,GSV_130,5GrvxifQPiZRiY3afM83bg_right_cropped,768,390
702,GSV_312,cFdjmg-qSW9Gu279exwFLA_left_cropped,768,433
703,GSV_195,64Fw8DJY9QtApRzwB25c5Q_right_cropped,768,386
704,GSV_264,C--41x3AtsTGOEBMl7spLw_left_cropped,768,433
705,GSV_305,JZPjqlEgmq6sLH7aPFk2Gw_left_cropped,768,433
706,GSV_93,MNa0xRInSP5PSJvuiLJa2w_left_cropped,768,433
707,GSV_82,mkWjXqAyiMv8fq2kEZ3QJQ_right_cropped,768,433
708,GSV_128,5jwWiCTIUR5EERpbRLprdA_right_cropped,768,399
709,GSV_198,7ABq6FbPLFo4husCe4xbHg_right_cropped,768,369
710,GSV_329,kDcnbgZXW5CntWbS8-ArJw_left_cropped,768,433
711,GSV_18,mjZh9G994E3RR0yI7jL63Q_left_cropped,768,433
712,GSV_351,Pv7jP6mL9APHtuRfQ76U3A_right_cropped,768,433
713,GSV_337,hcsRNJR-TQ3647N0kSQhCQ_right_cropped,768,433
714,GSV_125,6E65GXzpV0vAWuGtbnUcvg_right_cropped,768,396
715,GSV_81,MmPJHzpXK_bQ44tC_biq7Q_left_cropped,768,433
716,GSV_335,4yjDFAh-L8B8RzdjurTWfQ_right_cropped,768,433
717,GSV_283,r6KDMidHz_9uclhqZrTIRg_right_cropped,768,433
718,GSV_186,_5K01QRSnhGrbD-9OlWC5A_right_cropped,768,430
719,GSV_282,EWCKJX9hAuZtjvZkMm4O6A_left_cropped,768,384
720,GSV_124,73ngljWc3FXrlpjf5MbQLg_left_cropped,768,259
721,GSV_333,sSIlB63DF-uUlOycbfwJmA_right_cropped,768,433
722,GSV_135,5erN7G6JwZCT7h7jNdgwHA_left_cropped,768,341
723,GSV_363,BIXuyUysVrj9lHD2klSXsg_right_cropped,768,407
724,GSV_229,6DMP8nvhiKJ50iKGpWf7Jw_right_cropped,768,278
725,GSV_178,6QdaDduruhDVJoe6_4jlqg_left_cropped,768,239
726,GSV_169,64gkClSM7mcL27PuI3k6tA_right_cropped,768,307
727,GSV_30,0Fd2-EMoSL8aQH71VSr42Q_right_cropped,768,433
728,GSV_262,jUZpdKJJxSO9o18nx9-oPg_right_cropped,768,433
729,GSV_343,6qsNKlv8n-NGuyYzI0M-5A_right_cropped,768,433
730,GSV_116,0JW-e-lFzCPohkitv9tVTQ_right_cropped,768,433
731,GSV_316,8BnKQflDr4dG7bnkHRArpA_left_cropped,768,433
732,GSV_136,6-GE7kiloBxKpqP8TWHNJA_right_cropped,768,300
733,GSV_226,5SVtwyv3a9VQQ1Hd7RATFA_right_cropped,768,286
734,GSV_129,5XpTBdJkgw1psy1bqQLViw_right_cropped,768,268
735,GSV_285,pjEBEzTkwWYjkZx9SFEpRw_left_cropped,768,433
736,GSV_78,0FlWg-3BYk3fXnJz18gV_Q_right_cropped,768,433
737,GSV_215,_5K01QRSnhGrbD-9OlWC5A_left_cropped,768,169
738,GSV_134,5IK8ODgDNNc9Z48H48iy5Q_right_cropped,768,242
739,GSV_37,jfK451kF7hwzPJlerk6PVw_left_cropped,768,305
740,GSV_253,6sTdEon-E7YX_GoCb8XgGg_right_cropped,768,236
741,GSV_140,6P5V74M3v5dKW6Nkcra3aw_left_cropped,768,344
742,GSV_56,0lFDTZG10lZ5ICfKqsLTfQ_right_cropped,768,433
743,GSV_298,KbQFT4Ys9bBDB7e58ILwww_right_cropped,768,343
744,GSV_317,Del_Y2qBdSZF_bB8DAEz9w_right_cropped,768,433
745,GSV_249,5CRWm41xzRBqRX_77ALM6w_right_cropped,768,218
746,GSV_103,MNDd0pC6TssR2Q45MtPoBg_left_cropped,768,433
747,GSV_237,5jHyfwkEqpgeiJztYxQOGA_right_cropped,768,294
748,GSV_311,FD98Gmk1DDsdH3KpVcpGLw_left_cropped,768,433
749,GSV_34,MKp_UW3q03ppjlTzXSMjZA_right_cropped,768,433
750,GSV_267,tGxUj7cwjifeqVGIkWL2wA_right_cropped,768,433
751,GSV_53,mlItm_4v1nITVQPzLSMAYw_right_cropped,768,433
752,GSV_64,0kgMbB69L6DtZAItoFVK7w_right_cropped,768,433
753,GSV_281,BRfhAWEVDBASs9bubc9Y0A_left_cropped,768,433
754,GSV_38,0ES73Um6GQpqObqG60Xfjg_right_cropped,768,433
755,GSV_245,6Pn7Rni8D15IT_UVXxhh6A_right_cropped,768,216
756,GSV_28,Mmc0iKwE3Lxvw4MF5HRaHg_left_cropped,768,433
757,GSV_155,7jpu9aN3bPlAAfyeVJfImQ_left_cropped,768,349
758,GSV_240,6H7aUUz1kQyTKDJq4OkQkQ_right_cropped,768,361
759,GSV_57,0lk4HMBBSkpdeoZJM66L_A_right_cropped,768,433
760,GSV_349,-hcN6Dux8hxUHGMdy7NymQ_right_cropped,768,433
761,GSV_250,7i0F17CDsKd4sONH3QQbfQ_left_cropped,768,244
762,GSV_260,6S2GwzcC4j8PLAkeS8rI9w_right_cropped,768,161
763,GSV_126,6amQqRL4BLQ8CadATcXkhw_right_cropped,768,374
764,GSV_310,fkv-9sJ7WDub1C2j9K1cdg_right_cropped,768,433
765,GSV_286,pH9cVZgwmgq-w4j-sMiQDA_right_cropped,768,433
766,GSV_293,1S_P2BBp8sbngD8OGOpDlA_left_cropped,768,433
767,GSV_208,7ddJLYHMYW-ilByEtx35lQ_left_cropped,768,254
768,GSV_339,R5VuMv7nncFuP9f8H9fewg_left_cropped,768,433
769,GSV_321,OSKscrHpEDjccSu64bzvTQ_left_cropped,768,433
770,GSV_353,37Wqm_Wa6ph62nir5_xATg_left_cropped,768,433
771,GSV_42,0H4C8ZUtjRWD4XCgEIvoDA_right_cropped,768,433
772,GSV_308,tjPbp4O3y-1qPvycAHeGSA_left_cropped,768,433
773,GSV_52,-2vsC27lIuECdp80ocaPVw_left_cropped,768,433
774,GSV_246,5n5R4XWENQb0FeKDHTfXkA_right_cropped,768,355
775,GSV_50,0ijFWE3xwPjwqJ36SQFx3A_left_cropped,768,433
776,GSV_235,6EjeiRLC_1TFh1B-CU0QBQ_right_cropped,768,258
777,GSV_33,0GN7wGPNwsb6DcD70DwjdQ_right_cropped,768,433
778,GSV_148,5FHYO1QZDbrHpyoRFq7fVQ_left_cropped,768,183
779,GSV_142,799T0VdfO_bvdvNZBwHiug_left_cropped,768,298
780,GSV_309,5jy_DzwzogZqn-o5NccVmA_left_cropped,768,433
781,GSV_188,6zlxP7DbnrtaYMm_Qm9xOg_right_cropped,768,434
782,GSV_274,oxYIzgKhBOwDCB7syQywHw_right_cropped,768,433
783,GSV_354,BtOiADI0-Tt3ohXe8SaUeQ_right_cropped,768,433
784,GSV_314,Jptc6HzNYynWuGqsj97qdA_right_cropped,768,433
785,GSV_10,mkhjggfb0z1kjQCQgNnlaw_right_cropped,768,433
786,GSV_252,7eyF9NhpxxgN-BRTxWpIlA_right_cropped,768,253
787,GSV_164,7fI2bYyAUGyoo79a2EArDA_left_cropped,768,286
788,GSV_156,5KIYTZmbmpUdZYhycp2OVw_left_cropped,768,206
789,GSV_15,mKmlxM83Yt5zt-Lz0WaPPw_right_cropped,768,433
790,GSV_272,kC3749CL3PPEmoOCRI6URQ_right_cropped,768,433
791,GSV_74,0h9W6lF--X1purmgLWUW9A_right_cropped,768,433
792,GSV_110,0iT2ict-HBrJK8SWwppg6g_right_cropped,768,433
793,GSV_22,MKvg1vu2V1mRsiv3C4LNDQ_left_cropped,768,433
794,GSV_23,0gR_KyKkl0Ea0-8YPrcbGw_right_cropped,768,433
795,GSV_258,70765fBtm_YumOzn0q4btw_left_cropped,768,317
796,GSV_213,5vIiM2uh4O_baft0-Okdcw_left_cropped,768,248
797,GSV_222,7heIxPD_7j4CzAQi-2NGOg_right_cropped,768,337
798,GSV_84,0ILyTT30NvHPkQMXGSuCMA_right_cropped,768,433
799,GSV_7,mKQxoWgznYIaFhQTkRIatA_left_cropped,768,433
800,GSV_183,5RypdQoy0rf-YmkIzMxBOg_left_cropped,768,390
801,GSV_59,mKNoDBdYMBB28VzX74OkIg_left_cropped,768,433
802,GSV_95,0L9nS_ovxnPaTlIvWnpqfA_left_cropped,768,433
803,GSV_181,5KkWTckzbxB8c6Cf-3riOQ_left_cropped,768,200
804,GSV_101,0jBDCSG3RI0Do-zpUt9vPA_left_cropped,768,433
805,GSV_90,0JtVO0SmwbILNg4w3DQx6w_right_cropped,768,433
806,GSV_355,6xbwotI3xQS5qHmspKTRgw_right_cropped,768,433
807,GSV_346,GlXr0taGK0uX2WIb3nCspA_right_cropped,768,433
808,GSV_196,6akoagND6j5kWXWkspEeMg_right_cropped,768,251
809,GSV_301,Bn2_y2-i1XADtDA8wqQ4hw_right_cropped,768,433
810,GSV_197,6NBXBfa4bFKPzJA7isKtpQ_right_cropped,768,318
811,GSV_277,ftWSFBXnWCp3cwvLYpMgTQ_right_cropped,768,433
812,GSV_266,FfjrcdxpEOc4Ef7NOBj6tA_right_cropped,768,433
813,GSV_149,-7c-58c4qgjmeMDOOBUDPQ_right_cropped,768,347
814,GSV_192,6G7GJ6zextR2JMyCIQhV3A_right_cropped,768,331
815,GSV_278,QPJOiMmKc4WQiIA4BRFXmg_left_cropped,768,433
816,GSV_2,0Ic6XMEefczTy7kZ5txyyw_left_cropped,768,433
817,GSV_207,5pT8VM9AMIfBlmevRGBQYw_left_cropped,768,271
818,GSV_104,0kx0ENOFKt6O7FtlnHDBxQ_left_cropped,768,433
819,GSV_275,aWCzn6bt3NbIpRh44M98dg_right_cropped,768,433
820,GSV_362,BEGgWu0wuIEJoEv5KoqLbQ_left_cropped,768,415
821,GSV_172,74S87iqUmUsOgdpmwp95vw_right_cropped,768,434
822,GSV_91,0KSgF4AekFHCs67Dkchd0Q_right_cropped,768,433
823,GSV_326,7myg7hoo6_F0tKDMSafd9Q_left_cropped,768,433
824,GSV_322,2UIeGMp07jKrDE9_qFCkpA_right_cropped,768,433
825,GSV_118,72_iKGC554hdmcuZTh6Ujw_right_cropped,768,411
826,GSV_254,5b1nKLWetI8q6FFKWhkhlw_left_cropped,768,206
827,GSV_132,5txafmSRbIu-_mj0SP1Jjg_left_cropped,768,201
828,GSV_44,Mn9NtYIW6iqXPDOVjBREHw_right_cropped,768,433
829,GSV_202,5dUAkI200y24jwrUx3u7pQ_left_cropped,768,278
830,GSV_119,5fl5rcFkXhWd9U1r3XmmJw_right_cropped,768,289
831,GSV_236,5IVWCFxExoV0pHPZ6561oQ_left_cropped,768,197
832,GSV_332,8tv73JVB2iIlSIFbMotG5w_right_cropped,768,433
833,GSV_269,lXimlQh-4vR2XwWYahheDw_left_cropped,768,433
834,GSV_294,98Ai9dy2X17iLxAwp_SF4g_right_cropped,768,433
835,GSV_152,64FPfYoiL643w6Y_S3KNxw_left_cropped,768,338
836,GSV_77,mLNhkHClIX4q0Md2JkXsBQ_left_cropped,768,433
837,GSV_9,mly2NDEBN1eSgqAjtJmCCw_left_cropped,768,389
838,GSV_19,0iyodiCgs2dZytwuphYzjg_left_cropped,768,433
839,GSV_63,0lgfNsuBNUatEdxHO6z2Rg_left_cropped,768,433
840,GSV_331,j5OWacKN5bCrgS0_NYbhjg_left_cropped,768,433
841,GSV_300,EB3jGdNO7lYYIhUSggpV0A_left_cropped,768,346
842,GSV_271,nYX3t_humaDLZ3fsAwe9wQ_right_cropped,768,433
843,GSV_80,mlVmdVx_Tulqq_wZOmmVVQ_right_cropped,768,433
844,GSV_61,mkphpDjlrNJV4LWlIrEWfg_left_cropped,768,433
845,GSV_71,0Fc6bTtB8aUFLDwl1OYDXw_right_cropped,768,433
846,GSV_79,0ksU6dXv0hpC3L7Qcxz7-w_right_cropped,768,433
847,GSV_54,0HICEUs6NwQSYyaq0w_geg_left_cropped,768,433
848,GSV_107,MlC8YG4fR1k8k-oIzQWCig_left_cropped,768,433
849,GSV_153,6VgvZYLS7nUoLlVOkpcbdQ_right_cropped,768,279
850,GSV_193,5zCCv9ZadkGKuhzKratRWw_left_cropped,768,226
851,GSV_209,6O6jCHa851pBCNTqM0ORzg_right_cropped,768,251
852,GSV_139,73vFZHU1QWH3CA_AsHiHPA_right_cropped,768,434
853,GSV_276,h5no3C9V1sdfOuMn9c0JIQ_left_cropped,768,433
854,GSV_85,mKWRx9_bgcNR7auJuuviYg_right_cropped,768,433
855,GSV_108,mkWjXqAyiMv8fq2kEZ3QJQ_left_cropped,768,433
856,GSV_45,0ijFWE3xwPjwqJ36SQFx3A_right_cropped,768,433
857,GSV_359,p0sxzIPcALztLtJRzp8EnQ_left_cropped,768,433
858,GSV_120,6Y72JI_fZ9pjE6QbLTz6DQ_right_cropped,768,427
859,GSV_111,0kLhZYAzALTGuNBjheKKQQ_right_cropped,768,433
860,GSV_341,dH95RM6QQ8lRlUDZ18Gccw_left_cropped,768,433
861,GSV_334,qja38714jyHNaRhSKtc19g_right_cropped,768,433
862,GSV_241,6a6QY4bRB9h__EJSlLTOgw_left_cropped,768,185
863,GSV_68,MlVxNJJuPju1A5zZn2UQSg_right_cropped,768,433
864,GSV_170,6ykQ7X_3BO0Cha_mCFvNtQ_right_cropped,768,282
865,GSV_200,55t_oREeQKvkCVBuUYsyTQ_right_cropped,768,317
866,GSV_233,6UbVolaUmzLHKulIbqeg4g_left_cropped,768,215
867,GSV_51,Mmhj2uVQ-MIqmHpdCWOKvQ_right_cropped,768,433
868,GSV_296,PSEGGGVWD3GiEm8sfOu5TQ_left_cropped,768,433
869,GSV_304,hsRpX8dXLjPMFodNfivpHg_right_cropped,768,433
870,GSV_41,0lbOkped8nkrwCpPJXOJkA_left_cropped,768,433
871,GSV_0,0F3mNK27V6-_r0s_vT8mRA_left_cropped,768,433
872,GSV_358,Jy-FePILfx1I-yNdfJhWkg_right_cropped,768,433
873,GSV_133,5OcYUec-R7RvTYwU-wKX5A_right_cropped,768,280
874,GSV_151,688PZY0a3U84VBXvylf1dg_right_cropped,768,395
875,GSV_365,oRm7JWrrMxaYIzrC8FoeAg_right_cropped,768,433
876,GSV_145,6xF4H2QlZlxSkSecKUD1VQ_left_cropped,768,359
877,GSV_75,MKp_UW3q03ppjlTzXSMjZA_left_cropped,768,433
878,GSV_230,6WKO5LMI7Lk44yM5WUiv7w_left_cropped,768,323
879,GSV_344,MjNIpQD-OYZU5ZkTOte-FQ_left_cropped,768,433
880,GSV_203,708E0QK-YVKfRx-A9dujSg_left_cropped,768,178
881,GSV_210,7aViwR51sSQHEbXrf2xcew_left_cropped,768,252
882,GSV_211,5Db4a_H08NSscPvmjGP5aQ_left_cropped,768,295
883,GSV_8,MMfev9BP6tHXHN1b259fnA_left_cropped,768,433
884,GSV_58,0HUYd3Q1GH884udRPh7sPA_left_cropped,768,433
885,GSV_98,0kESUyIev5Ks2zk30Ubm6g_right_cropped,768,433
886,GSV_350,-tQjcEKAQWkQ6CnqRmfoGA_left_cropped,768,433
887,GSV_306,oGpmHAs2RQD_yUUOMs-RdQ_left_cropped,768,433
888,GSV_327,SpQZ3aB3DDpa-vmVZdbpaw_right_cropped,768,433
889,GSV_32,0kB9lkZ6WJO2EUj5bZJ9Zw_right_cropped,768,433
890,GSV_1,mKC1OtVDVvtdmC7dqd8uBA_right_cropped,768,433
891,GSV_144,5z7BpKC-hAtKyyNPtzHakw_right_cropped,768,325
892,GSV_162,6tM24ollKuNGu6FD1-a4Uw_right_cropped,768,236
893,GSV_256,6VHvS8TKoy3eyJykwIWw1g_right_cropped,768,380
894,GSV_65,mlFOEvENYgi0wFXHQaOsBg_left_cropped,768,433
895,GSV_4,0gD6Jqg2xidqSDucx-gsrA_right_cropped,768,433
896,GSV_147,6_M7FR-LhGekoSnlaVNMHw_left_cropped,768,342
897,GSV_115,0kQnv6heaWVDHt2g9DbhNA_right_cropped,768,395
898,GSV_225,7dR5GV74m7U7mjX6-wl1UA_right_cropped,768,366
899,GSV_184,75qh5FX5P2HiExBnSHqcNg_right_cropped,768,315
900,GSV_361,A7j3HUjSl1Y5uElhPqpt2A_left_cropped,768,433
901,GSV_76,0_gL-wAJREi6eR8h5YJ0GA_right_cropped,768,433
902,GSV_216,-5MUfW5feZfiuBBzkcljTA_right_cropped,768,272
903,GSV_364,UcT2Sg3ffS3EuSZVlP2LBw_right_cropped,768,433
904,GSV_96,MMH9ASAiXW2w86rz9qtdvA_right_cropped,768,433
905,GSV_146,5MERpuycn18Rf0Jh17jmMg_right_cropped,768,300
906,GSV_49,0-FfU4tju9lnk_8UEo7Ejg_right_cropped,768,433
907,GSV_205,5tPZGWdQf--6_Ey8DZBsBw_right_cropped,768,265
908,GSV_168,5UDzHZdpULX3qIAYx2im5g_left_cropped,768,277
909,GSV_289,tEoKdbcoUsMBCTcaLrknYw_left_cropped,768,433
910,GSV_35,0F1zwxR8a5g5xsrOWlwiBQ_left_cropped,768,433
911,GSV_323,DAMn7eWejP1ZqOuGoBKdhA_right_cropped,768,433
912,GSV_270,FDvOmoGFZektJKSCmXr8sQ_left_cropped,768,433
913,GSV_113,mmK6EgoDmRb32bCmdvxFYw_right_cropped,768,433
914,GSV_11,0HhU5-2xk39sIj1BqyH76w_right_cropped,768,433
915,GSV_24,MK1lHXDcetDSNYtLwpdR3Q_right_cropped,768,433
916,GSV_143,68Uow3BbngwoCpYXl7F5rQ_left_cropped,768,215
917,GSV_26,mm_-YsE1x87mSXZ88qnrPg_right_cropped,768,404
918,GSV_243,7_egdEg95v76MXju5Ok0XA_right_cropped,768,261
919,GSV_219,5Q_qNg3NOuG8ogGab8JB0Q_right_cropped,768,434
920,GSV_340,8zDKSAVgyrop62kBkiHPTw_left_cropped,768,433
921,GSV_16,0GsKFrXBD4HQNNkYNJZYJQ_right_cropped,768,433
922,GSV_69,0ITohCutv2RRusUNNJjBJw_left_cropped,768,433
923,GSV_83,MMETe3q48dF5gSueHVFLgA_right_cropped,768,433
924,GSV_218,5Wa9v1bMdpZH22tssYk7wA_right_cropped,768,311
925,GSV_99,0F10PoTSXgLRB04XnnGVAA_left_cropped,768,433
926,GSV_12,-Mn_cIa5HO722DNEcNDiIg_right_cropped,768,433
927,GSV_189,5LyKjLo7m5KEgAwjTzVynQ_right_cropped,768,324
928,GSV_47,_MKdt8rSYX8vjJ4D-prHrQ_left_cropped,768,433
929,GSV_220,76b0P7eKN4VRl8dRaCD2uA_left_cropped,768,220
930,GSV_204,6wkUgINDrUYGhYW6bjLWdg_right_cropped,768,247
931,GSV_150,5WRevc12Cg35QQ9yaLV5Mw_right_cropped,768,346
932,GSV_199,7J83BizJJ1wnHUPWH7sIaQ_right_cropped,768,271
933,GSV_357,BAOF3ZHic8cWZlfFfP2fHg_right_cropped,768,433
934,GSV_174,6MMfoJ3tLC7GAX10Hrz_6w_left_cropped,768,211
935,GSV_62,MkgYeTQR6R2ASyehCqj7qg_left_cropped,768,433
936,GSV_259,6fUjEd5q1FduNpXcSnCEXw_right_cropped,768,329
937,GSV_112,-7su3xffb2br1uU0ujXsiA_left_cropped,768,433
938,GSV_324,8VmjuzwEkoAZ5Jk7wGAZKQ_left_cropped,768,433
939,GSV_39,0JnNl9ytpB_L-rXtrVA1tg_left_cropped,768,433
940,GSV_31,Mm61GZYrad81Q68B_3e6Fw_right_cropped,768,433
941,GSV_212,6W84tGx4d9J-QAZ6yI-n5A_right_cropped,768,291
942,GSV_248,6af97U-o_QuCvEpnoVvN3Q_left_cropped,768,316
943,GSV_290,Ii3doM8DWFVk9vVii5TD2Q_right_cropped,768,433
944,GSV_287,G3n5o4bR-1HZ2VgFOSy7PQ_left_cropped,768,433
945,GSV_336,ArgKubZ99aQHTeJO_4PpOQ_left_cropped,768,433
946,GSV_106,mKYeg7atq687S3_TH8aBwg_right_cropped,768,433
947,GSV_265,GwsByDzQyaBW1MfX7CjFHQ_right_cropped,768,433
948,GSV_221,5hBdoHIFVh69d5KDoKadsQ_left_cropped,768,201
949,GSV_315,QKVWb55rlcYrXBwBN8qNUQ_right_cropped,768,404
950,GSV_160,6mub-Ey9neyS6FasLnLCjQ_left_cropped,768,229
951,GSV_247,-6uxNiJHF6rNGPsRyIXeGQ_left_cropped,768,218
952,GSV_20,0EViNVDZVA4seVh3o7F1Dw_left_cropped,768,433
953,GSV_3,0h0Q6Dbc0uyLL6aDslDBFQ_left_cropped,768,433
954,GSV_163,6E5f0OkTcmYkDyYuv2xYHg_right_cropped,768,378
955,GSV_297,nEeAjaDrXMyj-8nY3_ScsQ_right_cropped,768,433
956,GSV_201,6FxJ5pMjlngqSF0XBfhDDg_left_cropped,768,306
957,GSV_291,2Gx6kG0cSGdLu0vJSbKpvw_right_cropped,768,433
958,GSV_6,0l9tkn3-U87Tf4dHtSg2rA_right_cropped,768,433
959,GSV_356,d_wAYkKMM3nPbKJ1tj6U8w_right_cropped,768,433
960,GSV_302,dkarsQwY5iB6d8k2mZALUw_right_cropped,768,433
961,GSV_29,0KcAPXAi04o_dNhK0-BbHw_right_cropped,768,433
962,GSV_224,5zZ81655cGa6mNDW192tFA_left_cropped,768,354
963,GSV_165,5AD1xh8zqJ5q7WkAOV2A5A_right_cropped,768,403
964,GSV_127,-64b2q6_3YSEGibI14ZkrA_right_cropped,768,270
965,GSV_123,78JxT1DV3H0Ze8ahdZIA5A_right_cropped,768,283
966,GSV_182,5K16xk-KhmDX0eAWpeOl2g_right_cropped,768,388
967,GSV_154,7jNcFc30HLtiMBYXaMEjWw_right_cropped,768,267
968,GSV_284,EgyZMQF7WifMzJQt29dGhg_right_cropped,768,433
969,GSV_67,0H2a1nFUT8lpS1Ujs8N0AQ_right_cropped,768,433
970,GSV_105,0Lq3o0bL0aOJp64v2rkQ1w_right_cropped,768,433
