ifile,width,height,file
0,1024,561,103331013100002210_x4_cropped.png
1,1024,561,103331333021213102_x4_cropped.png
2,1024,561,103332101102113002_x4_cropped.png
3,1024,561,103331102201022102_x4_cropped.png
4,1024,561,103330233330322202_x4_cropped.png
5,1024,561,103330322123303302_x4_cropped.png
6,1024,561,103331013100011102_x4_cropped.png
7,1024,561,103332101110110302_x4_cropped.png
8,1024,561,103330313110220102_x4_cropped.png
9,1024,561,021000331303030202_x4_cropped.png
10,1024,561,103330322200130002_x4_cropped.png
11,1024,274,103332302111220002_x4_cropped.png
12,1024,561,103331100112021102_x4_cropped.png
13,1024,552,103331331110000202_x4_cropped.png
14,1024,561,103331120131101002_x4_cropped.png
15,1024,561,103332230201103002_x4_cropped.png
16,1024,561,110113122303011210_x4_cropped.png
17,1024,561,103330322132310202_x4_cropped.png
18,1024,561,103331030121011202_x4_cropped.png
19,1024,561,103331102130003302_x4_cropped.png
20,1024,513,103330322133312302_x4_cropped.png
21,1024,561,103331121103321110_x4_cropped.png
22,1024,561,103330331031110002_x4_cropped.png
23,1024,561,103331331110110302_x4_cropped.png
24,1024,561,103330322123021302_x4_cropped.png
25,1024,561,103332113300222002_x4_cropped.png
26,1024,561,103331113113313102_x4_cropped.png
27,1024,538,103330313111033310_x4_cropped.png
28,1024,561,103332231303131310_x4_cropped.png
29,1024,561,103330322132013202_x4_cropped.png
30,1024,561,020310031101211302_x4_cropped.png
31,1024,561,103330233120302110_x4_cropped.png
32,1024,561,021000330132320202_x4_cropped.png
33,1024,561,021000323300220010_x4_cropped.png
34,1024,561,021000330322011002_x4_cropped.png
35,1024,561,021000331311033210_x4_cropped.png
36,1024,561,021000133320013202_x4_cropped.png
37,1024,561,020303323310200202_x4_cropped.png
38,1024,561,021000133321002102_x4_cropped.png
39,1024,561,020310023302012002_x4_cropped.png
40,1024,561,021000131201022110_x4_cropped.png
41,1024,561,021001132032030202_x4_cropped.png
42,1024,561,021000323300211302_x4_cropped.png
43,1024,561,103330233120231202_x4_cropped.png
44,1024,561,021000331301131102_x4_cropped.png
45,1024,561,021000330203001302_x4_cropped.png
46,1024,561,021000323320002102_x4_cropped.png
47,1024,561,021000330320032210_x4_cropped.png
48,1024,561,021001000002000102_x4_cropped.png
49,1024,561,020310023332333102_x4_cropped.png
50,1024,561,103331120131330302_x4_cropped.png
51,1024,561,103332201101012302_x4_cropped.png
52,1024,561,103330322200232202_x4_cropped.png
53,1024,561,103330322131220102_x4_cropped.png
54,1024,561,103331013100213102_x4_cropped.png
55,1024,561,103331011322131110_x4_cropped.png
56,1024,561,103330313010311010_x4_cropped.png
57,1024,561,103331120130133302_x4_cropped.png
58,1024,561,110112331300100102_x4_cropped.png
59,1024,512,103330322201211302_x4_cropped.png
60,1024,561,103331201023321302_x4_cropped.png
61,1024,561,103330331032030010_x4_cropped.png
62,1024,561,103332113300213102_x4_cropped.png
63,1024,561,103330322133112302_x4_cropped.png
64,1024,561,103330322132033310_x4_cropped.png
65,1024,561,103332220023230310_x4_cropped.png
66,1024,561,103330233233213102_x4_cropped.png
67,1024,561,103331013101101302_x4_cropped.png
68,1024,561,103330313110332002_x4_cropped.png
69,1024,561,110113210313333302_x4_cropped.png
70,1024,561,021000330313223010_x4_cropped.png
71,1024,561,021000333320300302_x4_cropped.png
72,1024,561,021000331303022210_x4_cropped.png
73,1024,561,021000331301003202_x4_cropped.png
74,1024,561,021000322030101002_x4_cropped.png
75,1024,526,023301210213233202_x4_cropped.png
76,1024,561,021000322113303302_x4_cropped.png
77,1024,561,021000330133203102_x4_cropped.png
78,1024,561,021000330131330202_x4_cropped.png
79,1024,561,021000322030222010_x4_cropped.png
80,1024,561,021000322030213302_x4_cropped.png
81,1024,561,023301103011332002_x4_cropped.png
82,1024,561,021000330322321002_x4_cropped.png
83,1024,561,020310101133311102_x4_cropped.png
84,1024,561,021000133320012310_x4_cropped.png
85,1024,561,103330233003112010_x4_cropped.png
86,1024,561,103330233120311110_x4_cropped.png
87,1024,561,021000322030102002_x4_cropped.png
88,1024,561,031332313031023110_x4_cropped.png
89,1024,561,021000133320121110_x4_cropped.png
90,1024,561,103331212332301202_x4_cropped.png
91,1024,561,103332101102112302_x4_cropped.png
92,1024,561,103330300011312202_x4_cropped.png
93,1024,561,103331102122021110_x4_cropped.png
94,1024,561,103330322200321202_x4_cropped.png
95,1024,561,103331110210230002_x4_cropped.png
96,1024,561,103330313011032002_x4_cropped.png
97,1024,561,103331102133120102_x4_cropped.png
98,1024,561,110113110122203110_x4_cropped.png
99,1024,561,103331120132031102_x4_cropped.png
100,1024,561,103331013033133010_x4_cropped.png
101,1024,561,103331120130303302_x4_cropped.png
102,1024,561,103330233302030202_x4_cropped.png
103,1024,561,103330331032113110_x4_cropped.png
104,1024,561,110113101110221002_x4_cropped.png
105,1024,561,103330322133222002_x4_cropped.png
106,1024,561,103332101110320110_x4_cropped.png
107,1024,561,103332113301023210_x4_cropped.png
108,1024,561,103330322120223002_x4_cropped.png
109,1024,561,021000330133122110_x4_cropped.png
110,1024,561,021000330313201110_x4_cropped.png
111,1024,561,021000331311031102_x4_cropped.png
112,1024,561,021000332102101102_x4_cropped.png
113,1024,561,021000133320110110_x4_cropped.png
114,1024,512,021000322113001302_x4_cropped.png
115,1024,561,021000330132021102_x4_cropped.png
116,1024,561,021000322023202010_x4_cropped.png
117,1024,561,021000322030023102_x4_cropped.png
118,1024,561,021000331303012302_x4_cropped.png
119,1024,561,021000330132110110_x4_cropped.png
120,1024,561,021000330313111010_x4_cropped.png
121,1024,561,020310303001222002_x4_cropped.png
122,1024,561,021000330203012310_x4_cropped.png
123,1024,561,020310102022203310_x4_cropped.png
124,1024,561,020310023302012310_x4_cropped.png
125,1024,561,020310102022232310_x4_cropped.png
126,1024,561,021000133320031002_x4_cropped.png
127,1024,561,020310023302032310_x4_cropped.png
128,1024,561,021000330203031310_x4_cropped.png
129,1024,561,103331212332113302_x4_cropped.png
130,1024,561,103331013033101310_x4_cropped.png
131,1024,561,103330313111023210_x4_cropped.png
132,1024,561,103331331110121002_x4_cropped.png
133,1024,561,103330322121133010_x4_cropped.png
134,1024,561,103331102122100110_x4_cropped.png
135,1024,561,103331010012232202_x4_cropped.png
136,1024,561,103331120130120102_x4_cropped.png
137,1024,561,103331102133132302_x4_cropped.png
138,1024,527,103330300011111110_x4_cropped.png
139,1024,561,103330322131220202_x4_cropped.png
140,1024,561,103330322123313002_x4_cropped.png
141,1024,561,103331121100233202_x4_cropped.png
142,1024,561,103330331030200202_x4_cropped.png
143,1024,561,103331020022232210_x4_cropped.png
144,1024,523,110113103133330102_x4_cropped.png
145,1024,561,103330322133233010_x4_cropped.png
146,1024,561,103331102201021002_x4_cropped.png
147,1024,561,103331202032100302_x4_cropped.png
148,1024,561,021000331301001210_x4_cropped.png
149,1024,561,021000133311023010_x4_cropped.png
150,1024,561,021000330322133102_x4_cropped.png
151,1024,561,020310220013233102_x4_cropped.png
152,1024,561,020303323310211110_x4_cropped.png
153,1024,561,020310023300330210_x4_cropped.png
154,1024,561,020310023302032202_x4_cropped.png
155,1024,561,021000332102211010_x4_cropped.png
156,1024,561,021001000002233210_x4_cropped.png
157,1024,561,020310220013311002_x4_cropped.png
158,1024,561,021000330320222010_x4_cropped.png
159,1024,561,103331120121223210_x4_cropped.png
160,1024,561,103330322123301302_x4_cropped.png
161,1024,561,103331212331300302_x4_cropped.png
162,1024,561,103331120130230102_x4_cropped.png
163,1024,512,103330331031031102_x4_cropped.png
164,1024,561,103330300001011002_x4_cropped.png
165,1024,561,103330300200223002_x4_cropped.png
166,1024,561,103331102132331302_x4_cropped.png
167,1024,561,110113110123203310_x4_cropped.png
168,1024,561,103331202033001110_x4_cropped.png
169,1024,561,021000322113302202_x4_cropped.png
170,1024,561,020310023333123102_x4_cropped.png
171,1024,561,103330233120220202_x4_cropped.png
172,1024,561,103330233003132002_x4_cropped.png
173,1024,561,023301020320020310_x4_cropped.png
174,1024,561,023301210213232302_x4_cropped.png
175,1024,561,021000333320221102_x4_cropped.png
176,1024,561,021001131123303110_x4_cropped.png
177,1024,561,021000331301000010_x4_cropped.png
178,1024,561,021000322113231102_x4_cropped.png
179,1024,561,020310220021332302_x4_cropped.png
180,1024,561,021001132032031002_x4_cropped.png
181,1024,561,021000330322231210_x4_cropped.png
182,1024,561,021001000002302010_x4_cropped.png
183,1024,561,021000323300213302_x4_cropped.png
184,1024,561,021000331301012202_x4_cropped.png
185,1024,561,021000330323213210_x4_cropped.png
186,1024,561,103330233120300010_x4_cropped.png
187,1024,561,021000333320210302_x4_cropped.png
188,1024,561,103331102201012302_x4_cropped.png
189,1024,561,103332302110333302_x4_cropped.png
190,1024,561,103331110210331302_x4_cropped.png
191,1024,561,103330322121111202_x4_cropped.png
192,1024,561,103331120123210010_x4_cropped.png
193,1024,561,103330313111022310_x4_cropped.png
194,1024,561,110113103200122302_x4_cropped.png
195,1024,561,021000331301003302_x4_cropped.png
196,1024,561,021000331311101210_x4_cropped.png
197,1024,561,021000322113301002_x4_cropped.png
198,1024,561,021000330310312002_x4_cropped.png
199,1024,561,021000331233211310_x4_cropped.png
200,1024,561,020303311200202010_x4_cropped.png
201,1024,561,021001000001333302_x4_cropped.png
202,1024,450,021000330200011202_x4_cropped.png
203,1024,561,021000330321211002_x4_cropped.png
204,1024,561,021000322303122102_x4_cropped.png
205,1024,561,020310023333001110_x4_cropped.png
206,1024,561,103331121100210302_x4_cropped.png
207,1024,561,103331022101120102_x4_cropped.png
208,1024,561,103332023121002002_x4_cropped.png
209,1024,561,103331013100010310_x4_cropped.png
210,1024,561,103331020022110310_x4_cropped.png
211,1024,561,103330313110210210_x4_cropped.png
212,1024,561,021000133320121010_x4_cropped.png
213,1024,561,021000330323201310_x4_cropped.png
214,1024,561,021000322023301110_x4_cropped.png
215,1024,518,021000322030112102_x4_cropped.png
216,1024,561,021000133311003110_x4_cropped.png
217,1024,561,103330322133032310_x4_cropped.png
218,1024,561,103331102132200210_x4_cropped.png
219,1024,561,021000322030103002_x4_cropped.png
220,1024,561,021000323320013310_x4_cropped.png
221,1024,561,021000330311123010_x4_cropped.png
222,1024,561,021000322303120002_x4_cropped.png
223,1024,561,103330233120211310_x4_cropped.png
224,1024,561,020310220013233202_x4_cropped.png
225,1024,561,021000330321121210_x4_cropped.png
226,1024,561,103331201023033210_x4_cropped.png
227,1024,561,103331112011112102_x4_cropped.png
228,1024,561,103330331023312010_x4_cropped.png
229,1024,561,103331120131133210_x4_cropped.png
230,1024,561,103330322133021302_x4_cropped.png
231,1024,561,021000133312332010_x4_cropped.png
232,1024,561,021000133320131110_x4_cropped.png
233,1024,561,020310031101112310_x4_cropped.png
234,1024,561,021000330320320010_x4_cropped.png
235,1024,561,031332313032121010_x4_cropped.png
236,1024,561,021000330200120202_x4_cropped.png
237,1024,561,103330322201020202_x4_cropped.png
238,1024,561,110113210320231002_x4_cropped.png
239,1024,561,103330233121231010_x4_cropped.png
240,1024,561,103331102200313102_x4_cropped.png
241,1024,561,103330331031030302_x4_cropped.png
242,1024,561,103331121103322102_x4_cropped.png
243,1024,561,021000330312132310_x4_cropped.png
244,1024,561,021000330321321302_x4_cropped.png
245,1024,512,103330322200221202_x4_cropped.png
246,1024,561,103330233121133302_x4_cropped.png
247,1024,561,103330322122232102_x4_cropped.png
248,1024,561,021000330322103002_x4_cropped.png
249,1024,561,021000323300020302_x4_cropped.png
250,1024,561,021000330321120310_x4_cropped.png
251,1024,561,021001132032210210_x4_cropped.png
252,1024,561,021000330322002102_x4_cropped.png
253,1024,561,020310220013231210_x4_cropped.png
254,1024,561,020310102022303110_x4_cropped.png
255,1024,561,021000323320010002_x4_cropped.png
256,1024,561,103330322200330302_x4_cropped.png
257,1024,561,021000330321223302_x4_cropped.png
258,1024,561,103330233121001302_x4_cropped.png
259,1024,561,021000330322200310_x4_cropped.png
260,1024,561,021001131123303010_x4_cropped.png
261,1024,561,021000330312133310_x4_cropped.png
262,1024,561,020310023302110202_x4_cropped.png
263,1024,561,020310220013312102_x4_cropped.png
264,1024,561,020310023302013302_x4_cropped.png
265,1024,561,023301210220101210_x4_cropped.png
266,1024,561,021000331303032310_x4_cropped.png
267,1024,427,031332313031032302_x4_cropped.png
268,1024,561,020301110013020002_x4_cropped.png
269,1024,561,021000322120032202_x4_cropped.png
270,1024,561,021000333320221302_x4_cropped.png
271,1024,561,103330322131033002_x4_cropped.png
272,1024,561,103331120131131310_x4_cropped.png
273,1024,561,103331121100332310_x4_cropped.png
274,1024,561,103332231303130010_x4_cropped.png
275,1024,561,103330322123003302_x4_cropped.png
276,1024,561,103330322131333302_x4_cropped.png
277,1024,561,103330300011223210_x4_cropped.png
278,1024,561,103331102132212310_x4_cropped.png
279,1024,536,103331331110130002_x4_cropped.png
280,1024,561,103332023123123302_x4_cropped.png
281,1024,561,110113101112230202_x4_cropped.png
282,1024,509,103331102133210110_x4_cropped.png
283,1024,561,103331112011321310_x4_cropped.png
284,1024,561,103331121103301110_x4_cropped.png
285,1024,561,103330313110031202_x4_cropped.png
286,1024,561,110113202103212202_x4_cropped.png
287,1024,561,103331013031303002_x4_cropped.png
288,1024,561,103331212332221210_x4_cropped.png
289,1024,561,103330331023211210_x4_cropped.png
290,1024,561,103331110211020002_x4_cropped.png
291,1024,561,103330300011130310_x4_cropped.png
292,1024,561,103330233121111310_x4_cropped.png
293,1024,561,103331102200321110_x4_cropped.png
294,1024,561,103331120131013202_x4_cropped.png
295,1024,943,103330322200200102_x4_cropped.png
296,1024,561,103331121110023210_x4_cropped.png
297,1024,561,103331120131202210_x4_cropped.png
298,1024,561,110113122310212302_x4_cropped.png
299,1024,561,103331120123230202_x4_cropped.png
300,1024,561,103330233233200202_x4_cropped.png
301,1024,561,021000133320121310_x4_cropped.png
302,1024,561,021000131201031210_x4_cropped.png
303,1024,561,021000133320000010_x4_cropped.png
304,1024,561,021000330310330002_x4_cropped.png
305,1024,561,021000323233113010_x4_cropped.png
306,1024,561,021000330320312210_x4_cropped.png
307,1024,561,021001000001011110_x4_cropped.png
308,1024,561,021000331233320210_x4_cropped.png
309,1024,561,021000332102112110_x4_cropped.png
310,1024,561,021000331301131202_x4_cropped.png
311,1024,561,020310122320323002_x4_cropped.png
312,1024,561,020303333013200202_x4_cropped.png
313,1024,561,021000330321221202_x4_cropped.png
314,1024,561,103332023122131302_x4_cropped.png
315,1024,561,103331102123022210_x4_cropped.png
316,1024,561,103331111300310110_x4_cropped.png
317,1024,561,103331120132123302_x4_cropped.png
318,1024,561,103332200123001110_x4_cropped.png
319,1024,561,103331212323311302_x4_cropped.png
320,1024,561,103330322200131202_x4_cropped.png
321,1024,561,103330313111031010_x4_cropped.png
322,1024,561,103331120123323010_x4_cropped.png
323,1024,561,103330233120331302_x4_cropped.png
324,1024,561,020310023302030102_x4_cropped.png
325,1024,561,021000331233313310_x4_cropped.png
326,1024,561,031332313032120310_x4_cropped.png
327,1024,561,021000330313223310_x4_cropped.png
328,1024,561,021000331300322010_x4_cropped.png
329,1024,561,021001131123220110_x4_cropped.png
330,1024,561,031332313031031202_x4_cropped.png
331,1024,561,021001132032213302_x4_cropped.png
332,1024,561,021000133320031302_x4_cropped.png
333,1024,561,021001000002312010_x4_cropped.png
334,1024,561,021001000002002302_x4_cropped.png
335,1024,561,021001131123222002_x4_cropped.png
336,1024,561,021000322030120202_x4_cropped.png
337,1024,561,021000133312300202_x4_cropped.png
338,1024,561,021000330323212202_x4_cropped.png
339,1024,561,020310220013233302_x4_cropped.png
340,1024,561,020310220013332102_x4_cropped.png
341,1024,561,103330233003121202_x4_cropped.png
342,1024,561,021000330203032210_x4_cropped.png
343,1024,561,110113220321112302_x4_cropped.png
344,1024,561,103332113300220110_x4_cropped.png
345,1024,561,103330331023102002_x4_cropped.png
346,1024,561,103331102133131210_x4_cropped.png
347,1024,561,103330233302013010_x4_cropped.png
348,1024,561,103331102200320310_x4_cropped.png
349,1024,561,110113132213112202_x4_cropped.png
350,1024,561,103331331103213110_x4_cropped.png
351,1024,561,103331100103031302_x4_cropped.png
352,1024,561,103330322132101302_x4_cropped.png
353,1024,561,103331102200330302_x4_cropped.png
354,1024,561,103331120122102102_x4_cropped.png
355,1024,561,103332101103202210_x4_cropped.png
356,1024,561,103331212332222102_x4_cropped.png
357,1024,561,103330322200323102_x4_cropped.png
358,1024,561,103330313110301102_x4_cropped.png
359,1024,561,103331102132331202_x4_cropped.png
360,1024,561,110113110121013210_x4_cropped.png
361,1024,561,103330322121133210_x4_cropped.png
362,1024,561,020310023332223202_x4_cropped.png
363,1024,561,021000323300223002_x4_cropped.png
364,1024,561,021001132032203210_x4_cropped.png
365,1024,561,021000333320320202_x4_cropped.png
366,1024,561,021000201222230302_x4_cropped.png
367,1024,561,020310212113113310_x4_cropped.png
368,1024,561,020310023333122302_x4_cropped.png
369,1024,561,020310122312031102_x4_cropped.png
370,1024,561,021000331310213010_x4_cropped.png
371,1024,561,103330233003101102_x4_cropped.png
372,1024,561,021000332102112010_x4_cropped.png
373,1024,561,021000330311032202_x4_cropped.png
374,1024,561,020310103323031302_x4_cropped.png
375,1024,561,021000133311001010_x4_cropped.png
376,1024,561,021000330310303202_x4_cropped.png
377,1024,561,021000323233333202_x4_cropped.png
378,1024,561,021000330200133110_x4_cropped.png
379,1024,561,021000330322021102_x4_cropped.png
380,1024,561,103330313110120010_x4_cropped.png
381,1024,561,103330313110211302_x4_cropped.png
382,1024,561,103331013032120002_x4_cropped.png
383,1024,561,103330331023033110_x4_cropped.png
384,1024,561,103331102201101202_x4_cropped.png
385,1024,561,103330322133330302_x4_cropped.png
386,1024,561,103330313111101310_x4_cropped.png
387,1024,561,103330322200103302_x4_cropped.png
388,1024,561,103331013033111310_x4_cropped.png
389,1024,561,103331120130310002_x4_cropped.png
390,1024,561,103330322132002002_x4_cropped.png
391,1024,561,110113110121213302_x4_cropped.png
392,1024,844,103332231303222002_x4_cropped.png
393,1024,561,103331102133012110_x4_cropped.png
394,1024,561,103331200301113310_x4_cropped.png
395,1024,561,103330331021322010_x4_cropped.png
396,1024,561,103331120123023002_x4_cropped.png
397,1024,561,103331102201031002_x4_cropped.png
398,1024,561,103330322201103010_x4_cropped.png
399,1024,561,103330322200313310_x4_cropped.png
400,1024,561,021000330132013202_x4_cropped.png
401,1024,561,020310030212302002_x4_cropped.png
402,1024,561,020310023302013010_x4_cropped.png
403,1024,561,021000322120300310_x4_cropped.png
404,1024,561,021000330322201010_x4_cropped.png
405,1024,561,021000333320300102_x4_cropped.png
406,1024,561,021000331300332102_x4_cropped.png
407,1024,561,021000322030120302_x4_cropped.png
408,1024,561,020310023333000210_x4_cropped.png
409,1024,561,021000331300332202_x4_cropped.png
410,1024,556,021000322113301110_x4_cropped.png
411,1024,561,103330233121013002_x4_cropped.png
412,1024,561,021000333320213102_x4_cropped.png
413,1024,561,021000330311000002_x4_cropped.png
414,1024,528,021000201222300210_x4_cropped.png
415,1024,561,020310023302013102_x4_cropped.png
416,1024,561,020310103323032210_x4_cropped.png
417,1024,561,103330233032111102_x4_cropped.png
418,1024,561,021000133302201102_x4_cropped.png
419,1024,561,103331212323101010_x4_cropped.png
420,1024,561,103330313110202010_x4_cropped.png
421,1024,561,103331120131120110_x4_cropped.png
422,1024,561,103331331103213210_x4_cropped.png
423,1024,517,103330233233133110_x4_cropped.png
424,1024,561,103330322130211002_x4_cropped.png
425,1024,561,103330322201002002_x4_cropped.png
426,1024,561,103330322200212310_x4_cropped.png
427,1024,561,110113220321333002_x4_cropped.png
428,1024,561,103330233302010010_x4_cropped.png
429,1024,561,103330322121111302_x4_cropped.png
430,1024,561,103331013100222210_x4_cropped.png
431,1024,561,110113033312233102_x4_cropped.png
432,1024,561,103331212323021002_x4_cropped.png
433,1024,561,103332021020303110_x4_cropped.png
434,1024,561,103331013033301102_x4_cropped.png
435,1024,561,103330322133231010_x4_cropped.png
436,1024,561,103331120131323302_x4_cropped.png
437,1024,561,103330313111112010_x4_cropped.png
438,1024,561,021000322120021002_x4_cropped.png
439,1024,561,020310023302223210_x4_cropped.png
440,1024,561,020310220013302110_x4_cropped.png
441,1024,561,021000322030101202_x4_cropped.png
442,1024,561,021000330321312102_x4_cropped.png
443,1024,561,021000330311210010_x4_cropped.png
444,1024,561,021000330132021210_x4_cropped.png
445,1024,561,020310023333032110_x4_cropped.png
446,1024,561,021123221210230102_x4_cropped.png
447,1024,561,021000322120301002_x4_cropped.png
448,1024,561,103330233030001202_x4_cropped.png
449,1024,561,021001000001030302_x4_cropped.png
450,1024,561,021000323320021210_x4_cropped.png
451,1024,561,020310023333000202_x4_cropped.png
452,1024,561,020300301122122302_x4_cropped.png
453,1024,561,020233202033232202_x4_cropped.png
454,1024,561,020310023332310110_x4_cropped.png
455,1024,561,021000330133201210_x4_cropped.png
456,1024,561,020310220013310202_x4_cropped.png
457,1024,561,020310023302110102_x4_cropped.png
458,1024,561,103330233233200102_x4_cropped.png
459,1024,561,103331120131000002_x4_cropped.png
460,1024,561,110113111220313102_x4_cropped.png
461,1024,561,103331121101021010_x4_cropped.png
462,1024,561,103331120130212102_x4_cropped.png
463,1024,561,103332023122012202_x4_cropped.png
464,1024,561,103330233121221010_x4_cropped.png
465,1024,561,103331212331300102_x4_cropped.png
466,1024,561,103330331023003002_x4_cropped.png
467,1024,561,103331121101333010_x4_cropped.png
468,1024,561,110113202101130010_x4_cropped.png
469,1024,561,103330322131010302_x4_cropped.png
470,1024,561,103330313111030310_x4_cropped.png
471,1024,561,103331013031322010_x4_cropped.png
472,1024,561,103330322200303202_x4_cropped.png
473,1024,561,103332113300231110_x4_cropped.png
474,1024,544,103330322132010002_x4_cropped.png
475,1024,561,103331102133032302_x4_cropped.png
476,1024,561,103330233121100210_x4_cropped.png
477,1024,561,103331102121330110_x4_cropped.png
478,1024,561,021012021321212110_x4_cropped.png
479,1024,561,020310220013231310_x4_cropped.png
480,1024,561,021000322113233002_x4_cropped.png
481,1024,561,021000330313201010_x4_cropped.png
482,1024,561,020310031101213302_x4_cropped.png
483,1024,561,020310023300210002_x4_cropped.png
484,1024,561,020310220013302210_x4_cropped.png
485,1024,561,021000322030121102_x4_cropped.png
486,1024,561,021000330313101202_x4_cropped.png
487,1024,561,021000133320123310_x4_cropped.png
488,1024,561,020310032323122210_x4_cropped.png
489,1024,561,021000323233112310_x4_cropped.png
490,1024,561,021000322030121302_x4_cropped.png
491,1024,561,020300300320210102_x4_cropped.png
492,1024,561,021001131123302310_x4_cropped.png
493,1024,561,021001132032211110_x4_cropped.png
494,1024,561,021001000001032002_x4_cropped.png
495,1024,561,021001000001321310_x4_cropped.png
496,1024,561,021000332102103310_x4_cropped.png
497,1024,561,020310121333111210_x4_cropped.png
498,1024,561,103331120131213010_x4_cropped.png
499,1024,561,103331200301113110_x4_cropped.png
500,1024,561,103330322133321010_x4_cropped.png
501,1024,561,103330313111021302_x4_cropped.png
502,1024,561,103331010011312110_x4_cropped.png
503,1024,561,103331110210231202_x4_cropped.png
504,1024,561,103331211203112002_x4_cropped.png
505,1024,561,103331013033211202_x4_cropped.png
506,1024,561,103332113300213202_x4_cropped.png
507,1024,561,103332220032110210_x4_cropped.png
508,1024,561,103331102132231210_x4_cropped.png
509,1024,561,103331011322132302_x4_cropped.png
510,1024,561,103331010213202110_x4_cropped.png
511,1024,561,103330313021331102_x4_cropped.png
512,1024,561,103331211212203002_x4_cropped.png
513,1024,561,110113202113233202_x4_cropped.png
514,1024,561,103330331032013202_x4_cropped.png
515,1024,561,103330313103321202_x4_cropped.png
516,1024,561,103330331023330302_x4_cropped.png
517,1024,561,103330313111021002_x4_cropped.png
518,1024,561,020310212132201010_x4_cropped.png
519,1024,561,021000330203032102_x4_cropped.png
520,1024,561,021000201222233202_x4_cropped.png
521,1024,518,103330233120310210_x4_cropped.png
522,1024,561,021000330323201102_x4_cropped.png
523,1024,561,021000330321300110_x4_cropped.png
524,1024,561,021001131123221310_x4_cropped.png
525,1024,561,021000330132321002_x4_cropped.png
526,1024,561,020310023302023210_x4_cropped.png
527,1024,561,021000322030110202_x4_cropped.png
528,1024,561,021001131122331102_x4_cropped.png
529,1024,561,021000333320302310_x4_cropped.png
530,1024,561,020310023302012110_x4_cropped.png
531,1024,561,103330233032111202_x4_cropped.png
532,1024,561,020310221032232102_x4_cropped.png
533,1024,561,021000133300333310_x4_cropped.png
534,1024,561,021000332111020202_x4_cropped.png
535,1024,561,021000330320333110_x4_cropped.png
536,1024,561,021000330321232110_x4_cropped.png
537,1024,561,103331102123110002_x4_cropped.png
538,1024,561,103331120123021002_x4_cropped.png
539,1024,561,103331102123220202_x4_cropped.png
540,1024,561,103331110211013002_x4_cropped.png
541,1024,561,103331011322210010_x4_cropped.png
542,1024,561,103332132031302302_x4_cropped.png
543,1024,561,103330322120221302_x4_cropped.png
544,1024,561,110113202102220202_x4_cropped.png
545,1024,561,103330233121021002_x4_cropped.png
546,1024,561,103330233121320310_x4_cropped.png
547,1024,561,103330313110031210_x4_cropped.png
548,1024,561,103331102130110202_x4_cropped.png
549,1024,561,103332111120122102_x4_cropped.png
550,1024,561,103331131203210210_x4_cropped.png
551,1024,561,103330322133122302_x4_cropped.png
552,1024,561,103331120131133002_x4_cropped.png
553,1024,561,103331212332223002_x4_cropped.png
554,1024,561,103331111301002002_x4_cropped.png
555,1024,561,103330233121313102_x4_cropped.png
556,1024,561,103330322131222002_x4_cropped.png
557,1024,561,020310220013302002_x4_cropped.png
558,1024,561,021000322120301102_x4_cropped.png
559,1024,561,021000131203101210_x4_cropped.png
560,1024,561,021000330320111010_x4_cropped.png
561,1024,561,020303310121220102_x4_cropped.png
562,1024,561,021000332102112210_x4_cropped.png
563,1024,561,021000133320121302_x4_cropped.png
564,1024,50,021000133313010210_x4_cropped.png
565,1024,561,021000131203023210_x4_cropped.png
566,1024,561,021000330132031202_x4_cropped.png
567,1024,561,021000330313230110_x4_cropped.png
568,1024,561,021000322030311302_x4_cropped.png
569,1024,561,020310221032233002_x4_cropped.png
570,1024,561,021000333320300310_x4_cropped.png
571,1024,561,021000322023211202_x4_cropped.png
572,1024,561,020310023332310210_x4_cropped.png
573,1024,561,021001132032232302_x4_cropped.png
574,1024,561,020310101133321002_x4_cropped.png
575,1024,561,020310023332310310_x4_cropped.png
576,1024,561,021000330322023302_x4_cropped.png
577,1024,561,103330322200213010_x4_cropped.png
578,1024,561,103331013033301002_x4_cropped.png
579,1024,561,103331013032333110_x4_cropped.png
580,1024,561,103331120132301002_x4_cropped.png
581,1024,561,103331102133121010_x4_cropped.png
582,1024,561,110113101110212102_x4_cropped.png
583,1024,561,103330233233122310_x4_cropped.png
584,1024,561,103330322201212202_x4_cropped.png
585,1024,561,103330233121101010_x4_cropped.png
586,1024,561,103331013032322110_x4_cropped.png
587,1024,561,103331102201022202_x4_cropped.png
588,1024,561,103330322130221310_x4_cropped.png
589,1024,561,103331013102030002_x4_cropped.png
590,1024,561,103331121100130210_x4_cropped.png
591,1024,561,103331102200333110_x4_cropped.png
592,1024,561,110113202103022202_x4_cropped.png
593,1024,561,103330322130130302_x4_cropped.png
594,1024,561,103330233233200302_x4_cropped.png
595,1024,561,103330322131230102_x4_cropped.png
596,1024,561,103330322121020102_x4_cropped.png
597,1024,561,021000323300100110_x4_cropped.png
598,1024,561,021001000002121002_x4_cropped.png
599,1024,561,020310103323031310_x4_cropped.png
600,1024,561,021000133311022002_x4_cropped.png
601,1024,561,021000330311032002_x4_cropped.png
602,1024,561,021000330312223010_x4_cropped.png
603,1024,561,021000133312312310_x4_cropped.png
604,1024,561,021000330310303302_x4_cropped.png
605,1024,561,021000331301001102_x4_cropped.png
606,1024,561,020310023302012102_x4_cropped.png
607,1024,561,020310102022210010_x4_cropped.png
608,1024,561,021000322030202102_x4_cropped.png
609,1024,561,020310023333001010_x4_cropped.png
610,1024,561,021000322030101102_x4_cropped.png
611,1024,561,021000322030222210_x4_cropped.png
612,1024,561,020310221032333302_x4_cropped.png
613,1024,561,021000330311122102_x4_cropped.png
614,1024,561,021000330321212102_x4_cropped.png
615,1024,561,021001000001030110_x4_cropped.png
616,1024,561,021001000001330302_x4_cropped.png
617,1024,561,103330233121302102_x4_cropped.png
618,1024,561,103330313111100102_x4_cropped.png
619,1024,561,103330322123201010_x4_cropped.png
620,1024,561,103330313110032002_x4_cropped.png
621,1024,521,103330322123033302_x4_cropped.png
622,1024,561,103331333031001302_x4_cropped.png
623,1024,561,103330322201222002_x4_cropped.png
624,1024,561,103331102132331102_x4_cropped.png
625,1024,561,103330322131011002_x4_cropped.png
626,1024,561,103331013033303202_x4_cropped.png
627,1024,561,103331120123212302_x4_cropped.png
628,1024,561,103331103201021110_x4_cropped.png
629,1024,561,103331121111130002_x4_cropped.png
630,1024,561,103331121111130202_x4_cropped.png
631,1024,561,103331202033200110_x4_cropped.png
632,1024,561,103330233302020010_x4_cropped.png
633,1024,561,103330300011122210_x4_cropped.png
634,1024,561,103330313110220002_x4_cropped.png
635,1024,561,103331211220101002_x4_cropped.png
636,1024,561,020310233211001010_x4_cropped.png
637,1024,561,021000330311131210_x4_cropped.png
638,1024,561,021000131201020210_x4_cropped.png
639,1024,561,021000322120022310_x4_cropped.png
640,1024,561,021001000001322110_x4_cropped.png
641,1024,310,021000322301033202_x4_cropped.png
642,1024,561,021000333320300010_x4_cropped.png
643,1024,561,103330233120312110_x4_cropped.png
644,1024,561,021000330321321202_x4_cropped.png
645,1024,561,021000323320222210_x4_cropped.png
646,1024,561,021000322303122310_x4_cropped.png
647,1024,561,021000330322201302_x4_cropped.png
648,1024,561,021000331233312202_x4_cropped.png
649,1024,561,020310102022303210_x4_cropped.png
650,1024,561,021000330323210302_x4_cropped.png
651,1024,561,021001000001333102_x4_cropped.png
652,1024,561,020310023332222110_x4_cropped.png
653,1024,561,021000330203030110_x4_cropped.png
654,1024,561,020310023333132102_x4_cropped.png
655,1024,561,020310122322300102_x4_cropped.png
