id,bubbleId,lon,lat,timestamp,cd,altitude,heading,extract,filename
1338985277,1033303310230331,-73.956662,40.743238,7/7/2021 17:19:00-04,7/7/2021 5:19:00 PM,4.645,105.025,17,103330331023033110_x4_cropped.png
1338985288,1033303310231020,-73.955453,40.743001,7/7/2021 17:19:34-04,7/7/2021 5:19:34 PM,5.623,104.412,17,103330331023102002_x4_cropped.png
1338985366,1033303310232112,-73.954769,40.743602,7/7/2021 17:08:35-04,7/7/2021 5:08:35 PM,6.223,104.373,17,103330331023211210_x4_cropped.png
1338984936,1033303310213220,-73.953772,40.744043,7/7/2021 17:06:01-04,7/7/2021 5:06:01 PM,8.195,92.026,17,103330331021322010_x4_cropped.png
1338985808,1033303310311100,-73.949669,40.748456,7/7/2021 17:46:10-04,7/7/2021 5:46:10 PM,5.496,204.053,17,103330331031110002_x4_cropped.png
1338985432,1033303310233120,-73.949115,40.750187,7/7/2021 17:54:16-04,7/7/2021 5:54:16 PM,6.185,14.204,17,103330331023312010_x4_cropped.png
1338985781,1033303310310311,-73.94727,40.748121,7/7/2021 17:45:45-04,7/7/2021 5:45:45 PM,7.016,283.086,17,103330331031031102_x4_cropped.png
1338985779,1033303310310303,-73.947082,40.748087,7/7/2021 17:45:37-04,7/7/2021 5:45:37 PM,7.104,284.231,17,103330331031030302_x4_cropped.png
1338985459,1033303310233303,-73.947845,40.752059,7/7/2021 17:54:39-04,7/7/2021 5:54:39 PM,5.973,37.229,17,103330331023330302_x4_cropped.png
1338985228,1033303310230030,-73.945828,40.75046,7/7/2021 17:34:41-04,7/7/2021 5:34:41 PM,8.635,31.234,17,103330331023003002_x4_cropped.png
1338985602,1033303310302002,-73.942655,40.748363,7/7/2021 17:43:32-04,7/7/2021 5:43:32 PM,5.682,216.582,17,103330331030200202_x4_cropped.png
1338753880,1033302330031120,-73.990371,40.769918,29/5/2019 17:19:43-04,5/29/2019 5:19:43 PM,15.399,299.035,17,103330233003112010_x4_cropped.png
1338753894,1033302330031212,-73.991506,40.77026,29/5/2019 17:21:02-04,5/29/2019 5:21:02 PM,11.472,236.608,17,103330233003121202_x4_cropped.png
1338889464,1033303131103320,-73.989468,40.762088,17/6/2021 18:24:47-04,6/17/2021 6:24:47 PM,19.175,120.47,18,103330313110332002_x4_cropped.png
1338753861,1033302330031011,-73.988781,40.769254,29/5/2019 17:19:20-04,5/29/2019 5:19:20 PM,22.238,298.672,17,103330233003101102_x4_cropped.png
1338941704,1033303222010020,-73.984044,40.759788,29/6/2021 18:39:36-04,6/29/2021 6:39:36 PM,18.622,120.486,18,103330322201002002_x4_cropped.png
1338941683,1033303222003303,-73.984478,40.760872,29/6/2021 18:38:21-04,6/29/2021 6:38:21 PM,20.034,205.432,18,103330322200330302_x4_cropped.png
1338941677,1033303222003231,-73.984219,40.761267,29/6/2021 18:37:21-04,6/29/2021 6:37:21 PM,21.175,204.878,18,103330322200323102_x4_cropped.png
1338941670,1033303222003212,-73.98383,40.761856,29/6/2021 18:37:11-04,6/29/2021 6:37:11 PM,21.843,207.249,18,103330322200321202_x4_cropped.png
1338941646,1033303222003032,-73.982852,40.763452,29/6/2021 18:36:48-04,6/29/2021 6:36:48 PM,24.78,204.446,18,103330322200303202_x4_cropped.png
1338941663,1033303222003133,-73.983524,40.762312,29/6/2021 18:37:04-04,6/29/2021 6:37:04 PM,22.22,206.444,18,103330322200313310_x4_cropped.png
1338941626,1033303222002322,-73.982216,40.76483,29/6/2021 18:36:33-04,6/29/2021 6:36:33 PM,26.183,195.495,18,103330322200232202_x4_cropped.png
1338753912,1033302330031320,-73.982692,40.766683,29/5/2019 17:17:34-04,5/29/2019 5:17:34 PM,26.737,299.154,17,103330233003132002_x4_cropped.png
1338941558,1033303222001312,-73.982227,40.76937,29/6/2021 18:34:10-04,6/29/2021 6:34:10 PM,27.751,185.168,18,103330322200131202_x4_cropped.png
1338941569,1033303222002001,-73.982213,40.768563,29/6/2021 18:35:18-04,6/29/2021 6:35:18 PM,27.459,177.235,18,103330322200200102_x4_cropped.png
1338941552,1033303222001300,-73.982217,40.76981,29/6/2021 18:34:05-04,6/29/2021 6:34:05 PM,27.911,179.856,18,103330322200130002_x4_cropped.png
1338939564,1033303221202230,-73.982469,40.770708,29/6/2021 17:22:58-04,6/29/2021 5:22:58 PM,25.932,298.009,17,103330322120223002_x4_cropped.png
1338941519,1033303222001033,-73.982284,40.772236,29/6/2021 18:33:40-04,6/29/2021 6:33:40 PM,26.909,179.841,18,103330322200103302_x4_cropped.png
1338939681,1033303221210201,-73.983889,40.775505,29/6/2021 17:25:24-04,6/29/2021 5:25:24 PM,24.923,29.533,17,103330322121020102_x4_cropped.png
1338941223,1033303221330213,-73.982046,40.776348,29/6/2021 18:00:19-04,6/29/2021 6:00:19 PM,26.985,2.954,18,103330322133021302_x4_cropped.png
1338889362,1033303131102102,-73.980487,40.757472,17/6/2021 17:54:36-04,6/17/2021 5:54:36 PM,20.091,299.89,17,103330313110210210_x4_cropped.png
1338889367,1033303131102113,-73.980908,40.757647,17/6/2021 17:55:16-04,6/17/2021 5:55:16 PM,19.9,299.991,17,103330313110211302_x4_cropped.png
1338889376,1033303131102200,-73.981661,40.75797,17/6/2021 17:56:37-04,6/17/2021 5:56:37 PM,19.223,300.718,17,103330313110220002_x4_cropped.png
1338941730,1033303222010202,-73.981847,40.758865,29/6/2021 18:40:02-04,6/29/2021 6:40:02 PM,20.296,105.33,18,103330322201020202_x4_cropped.png
1338889508,1033303131110210,-73.980628,40.758352,17/6/2021 18:27:50-04,6/17/2021 6:27:50 PM,22.514,118.851,18,103330313111021002_x4_cropped.png
1338889511,1033303131110213,-73.980377,40.758243,17/6/2021 18:27:58-04,6/17/2021 6:27:58 PM,22.765,120.018,18,103330313111021302_x4_cropped.png
1338889513,1033303131110221,-73.980209,40.75817,17/6/2021 18:28:04-04,6/17/2021 6:28:04 PM,22.956,118.523,18,103330313111022102_x4_cropped.png
1338889377,1033303131102201,-73.981744,40.758006,17/6/2021 17:56:38-04,6/17/2021 5:56:38 PM,19.212,300.053,17,103330313110220102_x4_cropped.png
1338889515,1033303131110223,-73.980039,40.758102,17/6/2021 18:28:12-04,6/17/2021 6:28:12 PM,23.098,118.102,18,103330313111022310_x4_cropped.png
1338941595,1033303222002123,-73.981737,40.767076,29/6/2021 18:36:06-04,6/29/2021 6:36:06 PM,27.544,188.275,18,103330322200212310_x4_cropped.png
1338941596,1033303222002130,-73.98175,40.767002,29/6/2021 18:36:07-04,6/29/2021 6:36:07 PM,27.49,187.459,18,103330322200213010_x4_cropped.png
1338941606,1033303222002212,-73.981877,40.766276,29/6/2021 18:36:17-04,6/29/2021 6:36:17 PM,27.204,188.281,18,103330322200221202_x4_cropped.png
1338939559,1033303221202213,-73.98188,40.770458,29/6/2021 17:22:49-04,6/29/2021 5:22:49 PM,25.96,299.077,17,103330322120221302_x4_cropped.png
1338941243,1033303221330323,-73.981982,40.777815,29/6/2021 18:00:41-04,6/29/2021 6:00:41 PM,25.74,2.136,18,103330322133032310_x4_cropped.png
1338939735,1033303221211113,-73.981337,40.778953,29/6/2021 17:29:09-04,6/29/2021 5:29:09 PM,25.807,31.207,17,103330322121111302_x4_cropped.png
1338939734,1033303221211112,-73.981387,40.77889,29/6/2021 17:29:08-04,6/29/2021 5:29:08 PM,25.779,32.098,17,103330322121111202_x4_cropped.png
1338941427,1033303221333303,-73.981912,40.779337,29/6/2021 18:30:22-04,6/29/2021 6:30:22 PM,25.55,194.843,18,103330322133330302_x4_cropped.png
1338940732,1033303221310330,-73.981272,40.780892,29/6/2021 18:02:21-04,6/29/2021 6:02:21 PM,25.18,12.586,18,103330322131033002_x4_cropped.png
1338941403,1033303221333123,-73.981395,40.781059,29/6/2021 18:29:16-04,6/29/2021 6:29:16 PM,26.08,193.823,18,103330322133312302_x4_cropped.png
1338941412,1033303221333210,-73.98158,40.780411,29/6/2021 18:30:09-04,6/29/2021 6:30:09 PM,25.641,190.894,18,103330322133321010_x4_cropped.png
1338941372,1033303221332330,-73.980538,40.783246,29/6/2021 18:28:54-04,6/29/2021 6:28:54 PM,25.31,204.384,18,103330322133233010_x4_cropped.png
1338941364,1033303221332310,-73.980196,40.783771,29/6/2021 18:28:47-04,6/29/2021 6:28:47 PM,24.409,208.761,18,103330322133231010_x4_cropped.png
1339199841,1033310221011201,-73.910032,40.71112,30/7/2021 17:08:13-04,7/30/2021 5:08:13 PM,33.283,317.375,17,103331022101120102_x4_cropped.png
1338889352,1033303131102020,-73.979651,40.757112,17/6/2021 17:54:18-04,6/17/2021 5:54:18 PM,20.872,299.895,17,103330313110202010_x4_cropped.png
1338889535,1033303131110333,-73.978348,40.757406,17/6/2021 18:30:06-04,6/17/2021 6:30:06 PM,24.832,119.392,18,103330313111033310_x4_cropped.png
1338889537,1033303131111001,-73.978181,40.757333,17/6/2021 18:30:09-04,6/17/2021 6:30:09 PM,25.09,120.588,18,103330313111100102_x4_cropped.png
1338889524,1033303131110310,-73.979283,40.757782,17/6/2021 18:28:57-04,6/17/2021 6:28:57 PM,23.712,117.757,18,103330313111031010_x4_cropped.png
1338889523,1033303131110303,-73.979369,40.757817,17/6/2021 18:28:55-04,6/17/2021 6:28:55 PM,23.602,118.959,18,103330313111030310_x4_cropped.png
1338889518,1033303131110232,-73.979786,40.757997,17/6/2021 18:28:45-04,6/17/2021 6:28:45 PM,23.203,119.217,18,103330313111023210_x4_cropped.png
1338941772,1033303222011030,-73.979947,40.772914,29/6/2021 18:49:37-04,6/29/2021 6:49:37 PM,27.821,299.544,18,103330322201103010_x4_cropped.png
1338941352,1033303221332220,-73.979626,40.784536,29/6/2021 18:28:37-04,6/29/2021 6:28:37 PM,22.879,209.842,18,103330322133222002_x4_cropped.png
1338986032,1033303310320300,-73.976523,40.750762,7/7/2021 18:26:40-04,7/7/2021 6:26:40 PM,16.075,208.944,18,103330331032030010_x4_cropped.png
1338889312,1033303131101200,-73.976284,40.755688,17/6/2021 17:52:11-04,6/17/2021 5:52:11 PM,20.244,299.154,17,103330313110120010_x4_cropped.png
1338889543,1033303131111013,-73.97768,40.757112,17/6/2021 18:30:16-04,6/17/2021 6:30:16 PM,24.633,119.571,18,103330313111101310_x4_cropped.png
1338889560,1033303131111120,-73.976346,40.756541,17/6/2021 18:31:24-04,6/17/2021 6:31:24 PM,23.146,100.418,18,103330313111112010_x4_cropped.png
1338941847,1033303222012113,-73.977657,40.763639,29/6/2021 18:41:52-04,6/29/2021 6:41:52 PM,20.157,28.597,18,103330322201211302_x4_cropped.png
1338941850,1033303222012122,-73.977519,40.763833,29/6/2021 18:41:55-04,6/29/2021 6:41:55 PM,19.845,27.742,18,103330322201212202_x4_cropped.png
1338941864,1033303222012220,-73.976863,40.764732,29/6/2021 18:42:08-04,6/29/2021 6:42:08 PM,18.858,21.196,18,103330322201222002_x4_cropped.png
1338940089,1033303221222321,-73.976617,40.785419,29/6/2021 17:31:52-04,6/29/2021 5:31:52 PM,27.763,29.396,17,103330322122232102_x4_cropped.png
1338940833,1033303221312201,-73.977065,40.787538,29/6/2021 18:05:12-04,6/29/2021 6:05:12 PM,25.345,33.625,18,103330322131220102_x4_cropped.png
1338940834,1033303221312202,-73.977012,40.787599,29/6/2021 18:05:13-04,6/29/2021 6:05:13 PM,25.458,33.373,18,103330322131220202_x4_cropped.png
1338940840,1033303221312220,-73.976694,40.787969,29/6/2021 18:05:17-04,6/29/2021 6:05:17 PM,25.974,32.895,18,103330322131222002_x4_cropped.png
1338941291,1033303221331223,-73.976474,40.78849,29/6/2021 18:27:04-04,6/29/2021 6:27:04 PM,24.722,213.706,18,103330322133122302_x4_cropped.png
1338940849,1033303221312301,-73.976115,40.788645,29/6/2021 18:06:18-04,6/29/2021 6:06:18 PM,26.771,34.96,18,103330322131230102_x4_cropped.png
1338986077,1033303310321131,-73.974753,40.750051,7/7/2021 18:23:54-04,7/7/2021 6:23:54 PM,13.043,301.003,18,103330331032113110_x4_cropped.png
1338986014,1033303310320132,-73.975582,40.752041,7/7/2021 18:26:17-04,7/7/2021 6:26:17 PM,16.298,216.743,18,103330331032013202_x4_cropped.png
1338941275,1033303221331123,-73.975666,40.789493,29/6/2021 18:26:01-04,6/29/2021 6:26:01 PM,26.081,208.82,18,103330322133112302_x4_cropped.png
1338889272,1033303131100320,-73.972661,40.754169,17/6/2021 17:49:55-04,6/17/2021 5:49:55 PM,13.163,299.647,17,103330313110032002_x4_cropped.png
1338889270,1033303131100312,-73.972493,40.754097,17/6/2021 17:49:53-04,6/17/2021 5:49:53 PM,12.92,300.093,17,103330313110031210_x4_cropped.png
1338940175,1033303221230033,-73.972511,40.791057,29/6/2021 17:34:22-04,6/29/2021 5:34:22 PM,36.244,29.59,17,103330322123003302_x4_cropped.png
1338940927,1033303221313333,-73.972392,40.793623,29/6/2021 18:08:14-04,6/29/2021 6:08:14 PM,27.734,30.664,18,103330322131333302_x4_cropped.png
1338940199,1033303221230213,-73.971418,40.792608,29/6/2021 17:34:47-04,6/29/2021 5:34:47 PM,34.908,29.19,17,103330322123021302_x4_cropped.png
1338940944,1033303221320100,-73.971625,40.794726,29/6/2021 18:08:32-04,6/29/2021 6:08:32 PM,25.39,28.524,18,103330322132010002_x4_cropped.png
1338940692,1033303221310110,-73.971298,40.795546,29/6/2021 18:23:19-04,6/29/2021 6:23:19 PM,25.378,209.604,18,103330322131011002_x4_cropped.png
1338940958,1033303221320132,-73.970984,40.79563,29/6/2021 18:09:30-04,6/29/2021 6:09:30 PM,27.124,29.37,18,103330322132013202_x4_cropped.png
1338940691,1033303221310103,-73.971251,40.79561,29/6/2021 18:23:18-04,6/29/2021 6:23:18 PM,25.474,209.104,18,103330322131010302_x4_cropped.png
1338940223,1033303221230333,-73.970261,40.794137,29/6/2021 17:35:09-04,6/29/2021 5:35:09 PM,32.13,28.952,17,103330322123033302_x4_cropped.png
1338940936,1033303221320020,-73.971954,40.794197,29/6/2021 18:08:24-04,6/29/2021 6:08:24 PM,26.061,29.066,18,103330322132002002_x4_cropped.png
1338940991,1033303221320333,-73.969434,40.797752,29/6/2021 18:09:54-04,6/29/2021 6:09:54 PM,30.516,25.691,18,103330322132033310_x4_cropped.png
1338940999,1033303221321013,-73.969088,40.798278,29/6/2021 18:10:00-04,6/29/2021 6:10:00 PM,31.121,29.587,18,103330322132101302_x4_cropped.png
1338889413,1033303131103011,-73.967574,40.75629,17/6/2021 17:48:07-04,6/17/2021 5:48:07 PM,11.277,209.446,17,103330313110301102_x4_cropped.png
1338939774,1033303221211332,-73.967087,40.793434,29/6/2021 17:52:37-04,6/29/2021 5:52:37 PM,30.121,209.302,17,103330322121133210_x4_cropped.png
1338939772,1033303221211330,-73.966984,40.793516,29/6/2021 17:52:32-04,6/29/2021 5:52:32 PM,29.779,279.615,17,103330322121133010_x4_cropped.png
1338940292,1033303221232010,-73.967062,40.79858,29/6/2021 17:36:02-04,6/29/2021 5:36:02 PM,35.672,29.325,17,103330322123201010_x4_cropped.png
1338940583,1033303221302213,-73.967691,40.802946,29/6/2021 18:21:13-04,6/29/2021 6:21:13 PM,34.538,200.014,18,103330322130221310_x4_cropped.png
1338940564,1033303221302110,-73.966837,40.804178,29/6/2021 18:20:15-04,6/29/2021 6:20:15 PM,35.078,206.473,18,103330322130211002_x4_cropped.png
1338940531,1033303221301303,-73.965282,40.806293,29/6/2021 18:19:49-04,6/29/2021 6:19:49 PM,40.421,209.38,18,103330322130130302_x4_cropped.png
1338889190,1033303131033212,-73.96314,40.757502,17/6/2021 17:45:08-04,6/17/2021 5:45:08 PM,16.285,118.095,17,103330313103321202_x4_cropped.png
1340611333,1033322001230011,-73.988666,40.696409,15/10/2021 17:00:10-04,10/15/2021 5:00:10 PM,20.486,2.28,17,103332200123001110_x4_cropped.png
1339128443,1033310113221323,-73.901387,40.747414,26/7/2021 17:21:24-04,7/26/2021 5:21:24 PM,14.212,17.117,17,103331011322132302_x4_cropped.png
1339128437,1033310113221311,-73.901664,40.746799,26/7/2021 17:21:09-04,7/26/2021 5:21:09 PM,14.683,17.925,17,103331011322131110_x4_cropped.png
1339128464,1033310113222100,-73.900741,40.748849,26/7/2021 17:21:48-04,7/26/2021 5:21:48 PM,12.876,17.925,17,103331011322210010_x4_cropped.png
1338940367,1033303221233033,-73.963538,40.803398,29/6/2021 17:38:02-04,6/29/2021 5:38:02 PM,38.992,26.341,17,103330322123303302_x4_cropped.png
1338940359,1033303221233013,-73.963889,40.802874,29/6/2021 17:37:56-04,6/29/2021 5:37:56 PM,37.615,29.247,17,103330322123301302_x4_cropped.png
1338940380,1033303221233130,-73.96292,40.804226,29/6/2021 17:38:11-04,6/29/2021 5:38:11 PM,41.696,29.575,17,103330322123313002_x4_cropped.png
1338941138,1033303221323102,-73.96396,40.807799,29/6/2021 18:13:58-04,6/29/2021 6:13:58 PM,40.877,29.112,18,103330322132310202_x4_cropped.png
1339098810,1033310100122322,-73.89534,40.726149,23/7/2021 17:07:58-04,7/23/2021 5:07:58 PM,30.278,352.093,17,103331010012232202_x4_cropped.png
1339149800,1033310130313220,-73.954788,40.805065,27/7/2021 17:15:38-04,7/27/2021 5:15:38 PM,13.338,300.004,17,103331013031322010_x4_cropped.png
1339149772,1033310130313030,-73.952456,40.804081,27/7/2021 17:13:46-04,7/27/2021 5:13:46 PM,10.92,299.995,17,103331013031303002_x4_cropped.png
1339098585,1033310100113121,-73.893802,40.722832,23/7/2021 17:06:33-04,7/23/2021 5:06:33 PM,35.983,327.857,17,103331010011312110_x4_cropped.png
1339150077,1033310130323331,-73.949235,40.797672,27/7/2021 18:16:48-04,7/27/2021 6:16:48 PM,7.732,299.032,18,103331013032333110_x4_cropped.png
1339150493,1033310131002131,-73.947102,40.795127,27/7/2021 18:38:09-04,7/27/2021 6:38:09 PM,5.734,299.653,18,103331013100213102_x4_cropped.png
1339334982,1033311022011012,-73.890241,40.74915,5/8/2021 18:38:59-04,8/5/2021 6:38:59 PM,21.903,262.009,18,103331102201101202_x4_cropped.png
1339150057,1033310130323221,-73.947402,40.796898,27/7/2021 18:16:05-04,7/27/2021 6:16:05 PM,7.135,299.126,18,103331013032322110_x4_cropped.png
1339150230,1033310130332112,-73.946292,40.800582,27/7/2021 18:00:33-04,7/27/2021 6:00:33 PM,8.127,128.991,18,103331013033211202_x4_cropped.png
1340830576,1033322313031300,-73.946378,40.815533,21/10/2021 17:06:44-04,10/21/2021 5:06:44 PM,14.019,118.588,17,103332231303130010_x4_cropped.png
1340469416,1033321133002220,-73.979248,40.652981,12/10/2021 17:08:09-04,10/12/2021 5:08:09 PM,29.326,332.836,17,103332113300222002_x4_cropped.png
1340469409,1033321133002201,-73.978954,40.652528,12/10/2021 17:08:02-04,10/12/2021 5:08:02 PM,27.079,349.693,17,103332113300220110_x4_cropped.png
1339150357,1033310131000111,-73.945348,40.79351,27/7/2021 18:04:09-04,7/27/2021 6:04:09 PM,5.486,209.654,18,103331013100011102_x4_cropped.png
1339150355,1033310131000103,-73.945253,40.793636,27/7/2021 18:04:08-04,7/27/2021 6:04:08 PM,5.486,209.659,18,103331013100010310_x4_cropped.png
1339150346,1033310131000022,-73.944837,40.794206,27/7/2021 18:03:59-04,7/27/2021 6:03:59 PM,7.03,208.859,18,103331013100002210_x4_cropped.png
1340830583,1033322313031313,-73.945784,40.815297,21/10/2021 17:06:52-04,10/21/2021 5:06:52 PM,14.627,117.401,17,103332231303131310_x4_cropped.png
1339150204,1033310130331330,-73.943329,40.79346,27/7/2021 18:07:16-04,7/27/2021 6:07:16 PM,5.748,28.916,18,103331013033133010_x4_cropped.png
1339150506,1033310131002222,-73.942733,40.794106,27/7/2021 18:44:07-04,7/27/2021 6:44:07 PM,5.193,117.903,18,103331013100222210_x4_cropped.png
1340469406,1033321133002132,-73.979027,40.652425,12/10/2021 17:07:59-04,10/12/2021 5:07:59 PM,27.149,50.946,17,103332113300213202_x4_cropped.png
1340469429,1033321133002311,-73.97889,40.653584,12/10/2021 17:08:27-04,10/12/2021 5:08:27 PM,32.761,61.993,17,103332113300231110_x4_cropped.png
1340469405,1033321133002131,-73.979071,40.652392,12/10/2021 17:07:57-04,10/12/2021 5:07:57 PM,27.25,36.146,17,103332113300213102_x4_cropped.png
1340469550,1033321133010232,-73.97618,40.636889,12/10/2021 17:00:59-04,10/12/2021 5:00:59 PM,15.558,351.251,17,103332113301023210_x4_cropped.png
1339334963,1033311022010303,-73.887604,40.749424,5/8/2021 18:37:39-04,8/5/2021 6:37:39 PM,21.128,262.556,18,103331102201030302_x4_cropped.png
1339334954,1033311022010222,-73.886476,40.749538,5/8/2021 18:36:37-04,8/5/2021 6:36:37 PM,20.794,253.983,18,103331102201022202_x4_cropped.png
1339334964,1033311022010310,-73.887698,40.749415,5/8/2021 18:37:40-04,8/5/2021 6:37:40 PM,21.168,262.787,18,103331102201031002_x4_cropped.png
1339334953,1033311022010221,-73.886383,40.749551,5/8/2021 18:36:26-04,8/5/2021 6:36:26 PM,20.765,261.875,18,103331102201022102_x4_cropped.png
1339334948,1033311022010210,-73.885629,40.749632,5/8/2021 18:36:16-04,8/5/2021 6:36:16 PM,20.399,262.01,18,103331102201021002_x4_cropped.png
1339334939,1033311022010123,-73.884497,40.749755,5/8/2021 18:35:25-04,8/5/2021 6:35:25 PM,19.867,260.638,18,103331102201012302_x4_cropped.png
1339150896,1033310131020300,-73.940495,40.793379,27/7/2021 18:53:30-04,7/27/2021 6:53:30 PM,4.925,209.038,18,103331013102030002_x4_cropped.png
1339150167,1033310130331113,-73.941361,40.799013,27/7/2021 18:12:02-04,7/27/2021 6:12:02 PM,8.501,209.38,18,103331013033111310_x4_cropped.png
1339150277,1033310130333011,-73.94175,40.798639,27/7/2021 18:02:31-04,7/27/2021 6:02:31 PM,8.504,138.028,18,103331013033301102_x4_cropped.png
1339150276,1033310130333010,-73.94182,40.798687,27/7/2021 18:02:29-04,7/27/2021 6:02:29 PM,8.705,127.215,18,103331013033301002_x4_cropped.png
1339150286,1033310130333032,-73.941994,40.79815,27/7/2021 18:02:40-04,7/27/2021 6:02:40 PM,8.689,209.934,18,103331013033303202_x4_cropped.png
1339150151,1033310130331013,-73.94061,40.800021,27/7/2021 18:11:45-04,7/27/2021 6:11:45 PM,7.876,204.94,18,103331013033101310_x4_cropped.png
1340830632,1033322313032220,-73.941494,40.813483,21/10/2021 17:09:09-04,10/21/2021 5:09:09 PM,11.412,156.756,17,103332231303222002_x4_cropped.png
1339333157,1033311021220211,-73.882241,40.753957,5/8/2021 17:18:06-04,8/5/2021 5:18:06 PM,21.746,351.134,17,103331102122021110_x4_cropped.png
1339333185,1033311021221001,-73.882606,40.755964,5/8/2021 17:19:58-04,8/5/2021 5:19:58 PM,25.502,352.856,17,103331102122100110_x4_cropped.png
1339165370,1033310200222322,-73.881195,40.71784,28/7/2021 17:24:19-04,7/28/2021 5:24:19 PM,31.947,327.145,17,103331020022232210_x4_cropped.png
1339150663,1033310131011013,-73.939635,40.792797,27/7/2021 18:30:17-04,7/27/2021 6:30:17 PM,5.26,118.748,18,103331013101101302_x4_cropped.png
1339334909,1033311022003331,-73.880485,40.750177,5/8/2021 18:32:52-04,8/5/2021 6:32:52 PM,20.032,263.717,18,103331102200333110_x4_cropped.png
1339333105,1033311021213301,-73.881527,40.750016,5/8/2021 17:15:14-04,8/5/2021 5:15:14 PM,19.691,351.531,17,103331102121330110_x4_cropped.png
1339333456,1033311021231100,-73.88131,40.754107,5/8/2021 17:29:07-04,8/5/2021 5:29:07 PM,22.235,172.336,17,103331102123110002_x4_cropped.png
1339333418,1033311021230222,-73.881802,40.75683,5/8/2021 17:26:29-04,8/5/2021 5:26:29 PM,26.91,172.748,17,103331102123022210_x4_cropped.png
1339333647,1033311021300033,-73.880754,40.756212,5/8/2021 17:38:14-04,8/5/2021 5:38:14 PM,24.731,353.709,17,103331102130003302_x4_cropped.png
1339333714,1033311021301102,-73.881648,40.761088,5/8/2021 17:40:19-04,8/5/2021 5:40:19 PM,12.489,353.26,17,103331102130110202_x4_cropped.png
1339165267,1033310200221103,-73.878088,40.71535,28/7/2021 17:21:34-04,7/28/2021 5:21:34 PM,35.013,147.302,17,103331020022110310_x4_cropped.png
1339333538,1033311021232202,-73.87931,40.748255,5/8/2021 17:33:50-04,8/5/2021 5:33:50 PM,20.879,352.158,17,103331102123220202_x4_cropped.png
1339334899,1033311022003303,-73.879351,40.750291,5/8/2021 18:32:40-04,8/5/2021 6:32:40 PM,20.432,262.688,18,103331102200330302_x4_cropped.png
1339334299,1033311021322123,-73.878058,40.757094,5/8/2021 18:03:52-04,8/5/2021 6:03:52 PM,22.827,172.481,18,103331102132212310_x4_cropped.png
1339334274,1033311021322002,-73.878394,40.758889,5/8/2021 18:02:50-04,8/5/2021 6:02:50 PM,19.889,172.647,18,103331102132200210_x4_cropped.png
1339149920,1033310130321200,-73.933869,40.797891,27/7/2021 17:33:39-04,7/27/2021 5:33:39 PM,5.246,298.441,17,103331013032120002_x4_cropped.png
1339334425,1033311021330121,-73.87608,40.748002,5/8/2021 18:10:51-04,8/5/2021 6:10:51 PM,20.584,121.079,18,103331102133012110_x4_cropped.png
1339334389,1033311021323311,-73.876878,40.750563,5/8/2021 18:08:22-04,8/5/2021 6:08:22 PM,22.034,172.062,18,103331102132331102_x4_cropped.png
1339334390,1033311021323312,-73.876865,40.750491,5/8/2021 18:08:23-04,8/5/2021 6:08:23 PM,21.955,172.551,18,103331102132331202_x4_cropped.png
1339334883,1033311022003203,-73.877277,40.750502,5/8/2021 18:31:27-04,8/5/2021 6:31:27 PM,21.703,258.592,18,103331102200320310_x4_cropped.png
1339334877,1033311022003131,-73.876431,40.750597,5/8/2021 18:30:31-04,8/5/2021 6:30:31 PM,22.326,262.638,18,103331102200313102_x4_cropped.png
1339334391,1033311021323313,-73.876852,40.750419,5/8/2021 18:08:24-04,8/5/2021 6:08:24 PM,21.922,172.63,18,103331102132331302_x4_cropped.png
1339334885,1033311022003211,-73.877463,40.750471,5/8/2021 18:31:31-04,8/5/2021 6:31:31 PM,21.567,261.463,18,103331102200321110_x4_cropped.png
1339334518,1033311021331312,-73.876176,40.751869,5/8/2021 18:13:28-04,8/5/2021 6:13:28 PM,23.285,351.869,18,103331102133131210_x4_cropped.png
1339334523,1033311021331323,-73.876241,40.752225,5/8/2021 18:13:37-04,8/5/2021 6:13:37 PM,23.343,352.934,18,103331102133132302_x4_cropped.png
1339334545,1033311021332101,-73.876568,40.753939,5/8/2021 18:14:12-04,8/5/2021 6:14:12 PM,23.909,350.061,18,103331102133210110_x4_cropped.png
1339334326,1033311021322312,-73.877715,40.755155,5/8/2021 18:04:46-04,8/5/2021 6:04:46 PM,24.069,172.593,18,103331102132231210_x4_cropped.png
1339334459,1033311021330323,-73.874209,40.747972,5/8/2021 18:12:02-04,8/5/2021 6:12:02 PM,19.641,300.211,18,103331102133032302_x4_cropped.png
1339334500,1033311021331210,-73.875941,40.750582,5/8/2021 18:13:04-04,8/5/2021 6:13:04 PM,22.558,350.135,18,103331102133121010_x4_cropped.png
1339334497,1033311021331201,-73.875902,40.750367,5/8/2021 18:13:00-04,8/5/2021 6:13:00 PM,22.371,352.827,18,103331102133120102_x4_cropped.png
1338770862,1033303000112232,-73.873119,40.772432,4/7/2019 17:06:22-04,7/4/2019 5:06:22 PM,6.38,85.572,17,103330300011223210_x4_cropped.png
1338770803,1033303000111303,-73.872045,40.77229,4/7/2019 17:11:24-04,7/4/2019 5:11:24 PM,9.037,101.809,17,103330300011130310_x4_cropped.png
1338770794,1033303000111222,-73.873727,40.773866,4/7/2019 17:09:31-04,7/4/2019 5:09:31 PM,6.162,232.6,17,103330300011122210_x4_cropped.png
604501698,210001333123002,-74.007042,40.745693,25/8/2014 18:29:34-04,8/25/2014 6:29:34 PM,-27.388,120.501,18,021000133312300202_x4_cropped.png
604501778,210001333130102,-74.007381,40.747346,25/8/2014 18:38:42-04,8/25/2014 6:38:42 PM,-27.155,117.808,18,021000133313010210_x4_cropped.png
604501752,210001333123320,-74.006983,40.746433,25/8/2014 18:31:07-04,8/25/2014 6:31:07 PM,-27.173,299.434,18,021000133312332010_x4_cropped.png
604935943,210003221130013,-74.004643,40.725,26/8/2014 17:16:32-04,8/26/2014 5:16:32 PM,-21.927,186.628,17,021000322113001302_x4_cropped.png
604501723,210001333123123,-74.005687,40.745884,25/8/2014 18:30:49-04,8/25/2014 6:30:49 PM,-26.61,319.828,18,021000133312312310_x4_cropped.png
1338770773,1033303000111111,-73.871803,40.773995,4/7/2019 17:09:10-04,7/4/2019 5:09:10 PM,6.076,289.678,17,103330300011111110_x4_cropped.png
1338770906,1033303000113122,-73.87125,40.77407,4/7/2019 17:05:19-04,7/4/2019 5:05:19 PM,9.747,296.826,17,103330300011312202_x4_cropped.png
1339445756,1033311211013330,-73.868853,40.730954,16/8/2021 17:49:32-04,8/16/2021 5:49:32 PM,12.881,120.988,17,103331121101333010_x4_cropped.png
604500223,210001333003333,-74.003295,40.746459,25/8/2014 17:13:15-04,8/25/2014 5:13:15 PM,-26.208,119.211,17,021000133300333310_x4_cropped.png
604531379,210002012222303,-74.000548,40.71966,25/8/2014 17:39:03-04,8/25/2014 5:39:03 PM,-21.801,30.328,17,021000201222230302_x4_cropped.png
604531394,210002012223002,-74.000081,40.720167,25/8/2014 17:39:18-04,8/25/2014 5:39:18 PM,-20.959,32.924,17,021000201222300210_x4_cropped.png
604531390,210002012222332,-74.00019,40.720047,25/8/2014 17:39:14-04,8/25/2014 5:39:14 PM,-21.18,36.241,17,021000201222233202_x4_cropped.png
604500613,210001333022011,-74.00116,40.741537,25/8/2014 17:25:16-04,8/25/2014 5:25:16 PM,-23.052,29.404,17,021000133302201102_x4_cropped.png
604502281,210001333210021,-74.000769,40.747131,25/8/2014 18:55:52-04,8/25/2014 6:55:52 PM,-24.804,124.769,18,021000133321002102_x4_cropped.png
604943211,210003223031223,-73.999474,40.715973,27/8/2014 18:35:08-04,8/27/2014 6:35:08 PM,-21.518,113.671,18,021000322303122310_x4_cropped.png
604943209,210003223031221,-73.999561,40.716003,27/8/2014 18:35:06-04,8/27/2014 6:35:06 PM,-21.797,115.382,18,021000322303122102_x4_cropped.png
604943200,210003223031200,-73.99999,40.716152,27/8/2014 18:34:56-04,8/27/2014 6:34:56 PM,-23.37,118.551,18,021000322303120002_x4_cropped.png
604936387,210003221203003,-73.999304,40.721134,26/8/2014 17:55:08-04,8/26/2014 5:55:08 PM,-22.044,33.411,17,021000322120300310_x4_cropped.png
604936388,210003221203010,-73.999123,40.721349,26/8/2014 17:55:31-04,8/26/2014 5:55:31 PM,-21.712,32.405,17,021000322120301002_x4_cropped.png
604936389,210003221203011,-73.999098,40.721379,26/8/2014 17:55:32-04,8/26/2014 5:55:32 PM,-21.634,32.338,17,021000322120301102_x4_cropped.png
604936124,210003221132330,-73.996783,40.716889,26/8/2014 17:44:04-04,8/26/2014 5:44:04 PM,-16.59,25.761,17,021000322113233002_x4_cropped.png
604936132,210003221133010,-73.996621,40.717152,26/8/2014 17:44:07-04,8/26/2014 5:44:07 PM,-16.92,25.124,17,021000322113301002_x4_cropped.png
604936133,210003221133011,-73.996601,40.717185,26/8/2014 17:44:08-04,8/26/2014 5:44:08 PM,-16.978,25.121,17,021000322113301110_x4_cropped.png
604936117,210003221132311,-73.996947,40.716626,26/8/2014 17:43:56-04,8/26/2014 5:43:56 PM,-16.861,43.755,17,021000322113231102_x4_cropped.png
604936138,210003221133022,-73.996501,40.71735,26/8/2014 17:44:11-04,8/26/2014 5:44:11 PM,-17.248,26.404,17,021000322113302202_x4_cropped.png
604936143,210003221133033,-73.996402,40.717514,26/8/2014 17:44:22-04,8/26/2014 5:44:22 PM,-17.473,25.343,17,021000322113303302_x4_cropped.png
604501292,210001333110230,-73.99638,40.736285,25/8/2014 18:08:51-04,8/25/2014 6:08:51 PM,-22.502,298.717,18,021000133311023010_x4_cropped.png
604501288,210001333110220,-73.996213,40.736213,25/8/2014 18:08:49-04,8/25/2014 6:08:49 PM,-22.374,298.851,18,021000133311022002_x4_cropped.png
604502133,210001333201311,-73.997279,40.746461,25/8/2014 18:51:02-04,8/25/2014 6:51:02 PM,-20.215,299.358,18,021000133320131110_x4_cropped.png
604936235,210003221200223,-73.994864,40.72098,26/8/2014 17:47:03-04,8/26/2014 5:47:03 PM,-18.153,17.009,17,021000322120022310_x4_cropped.png
604936228,210003221200210,-73.994969,40.720738,26/8/2014 17:47:00-04,8/26/2014 5:47:00 PM,-18.351,20.425,17,021000322120021002_x4_cropped.png
604936250,210003221200322,-73.994469,40.721952,26/8/2014 17:47:20-04,8/26/2014 5:47:20 PM,-17.163,14.501,17,021000322120032202_x4_cropped.png
604501252,210001333110010,-73.994627,40.735538,25/8/2014 18:08:30-04,8/25/2014 6:08:30 PM,-21.369,298.171,18,021000133311001010_x4_cropped.png
604501261,210001333110031,-73.995005,40.735698,25/8/2014 18:08:35-04,8/25/2014 6:08:35 PM,-21.584,297.358,18,021000133311003110_x4_cropped.png
604991720,210003313003220,-73.994644,40.739692,28/8/2014 18:16:07-04,8/28/2014 6:16:07 PM,-16.721,117.995,18,021000331300322010_x4_cropped.png
604502016,210001333200000,-73.995036,40.744735,25/8/2014 18:46:26-04,8/25/2014 6:46:26 PM,-18.134,118.122,18,021000133320000010_x4_cropped.png
604502127,210001333201233,-73.99459,40.745349,25/8/2014 18:49:28-04,8/25/2014 6:49:28 PM,-16.368,301.967,18,021000133320123310_x4_cropped.png
604502119,210001333201213,-73.994267,40.7452,25/8/2014 18:48:31-04,8/25/2014 6:48:31 PM,-16.275,298.04,18,021000133320121302_x4_cropped.png
604502117,210001333201211,-73.994183,40.745166,25/8/2014 18:48:28-04,8/25/2014 6:48:28 PM,-16.278,297.854,18,021000133320121110_x4_cropped.png
604502116,210001333201210,-73.994098,40.745132,25/8/2014 18:48:26-04,8/25/2014 6:48:26 PM,-16.208,297.614,18,021000133320121010_x4_cropped.png
604991750,210003313010012,-73.993309,40.739132,28/8/2014 18:16:28-04,8/28/2014 6:16:28 PM,-15.808,118.92,18,021000331301001210_x4_cropped.png
604991758,210003313010032,-73.99264,40.738858,28/8/2014 18:16:36-04,8/28/2014 6:16:36 PM,-15.376,118.287,18,021000331301003202_x4_cropped.png
604991749,210003313010011,-73.993392,40.739166,28/8/2014 18:16:27-04,8/28/2014 6:16:27 PM,-15.867,118.781,18,021000331301001102_x4_cropped.png
604991759,210003313010033,-73.992598,40.738841,28/8/2014 18:16:37-04,8/28/2014 6:16:37 PM,-15.348,119.151,18,021000331301003302_x4_cropped.png
604991744,210003313010000,-73.9936,40.739255,28/8/2014 18:16:25-04,8/28/2014 6:16:25 PM,-16.005,118.842,18,021000331301000010_x4_cropped.png
604991738,210003313003322,-73.993851,40.739359,28/8/2014 18:16:22-04,8/28/2014 6:16:22 PM,-16.187,118.885,18,021000331300332202_x4_cropped.png
604991737,210003313003321,-73.993893,40.739376,28/8/2014 18:16:22-04,8/28/2014 6:16:22 PM,-16.209,118.824,18,021000331300332102_x4_cropped.png
604991770,210003313010122,-73.992025,40.7386,28/8/2014 18:17:23-04,8/28/2014 6:17:23 PM,-14.902,117.223,18,021000331301012202_x4_cropped.png
604502068,210001333200310,-73.992443,40.743647,25/8/2014 18:47:18-04,8/25/2014 6:47:18 PM,-18.343,107.71,18,021000133320031002_x4_cropped.png
604502097,210001333201101,-73.993302,40.744796,25/8/2014 18:48:16-04,8/25/2014 6:48:16 PM,-15.718,300.774,18,021000133320110110_x4_cropped.png
604502046,210001333200132,-73.993665,40.744152,25/8/2014 18:46:39-04,8/25/2014 6:46:39 PM,-17.322,118.08,18,021000133320013202_x4_cropped.png
604502043,210001333200123,-73.993791,40.744203,25/8/2014 18:46:38-04,8/25/2014 6:46:38 PM,-17.186,118.003,18,021000133320012310_x4_cropped.png
604502071,210001333200313,-73.992008,40.744242,25/8/2014 18:47:57-04,8/25/2014 6:47:57 PM,-16.13,309.601,18,021000133320031302_x4_cropped.png
605026530,210003333203202,-73.990846,40.763499,27/8/2014 17:04:23-04,8/27/2014 5:04:23 PM,-13.88,296.238,17,021000333320320202_x4_cropped.png
604971133,210003302001331,-73.988178,40.73464,27/8/2014 18:15:35-04,8/27/2014 6:15:35 PM,-17.192,316.351,18,021000330200133110_x4_cropped.png
604970534,210003301320212,-73.988918,40.735764,27/8/2014 17:44:20-04,8/27/2014 5:44:20 PM,-16.266,120.031,17,021000330132021210_x4_cropped.png
604970550,210003301320312,-73.988169,40.735447,27/8/2014 17:44:28-04,8/27/2014 5:44:28 PM,-16.983,119.886,17,021000330132031202_x4_cropped.png
604970533,210003301320211,-73.98896,40.735782,27/8/2014 17:44:19-04,8/27/2014 5:44:19 PM,-16.223,120.257,17,021000330132021102_x4_cropped.png
604970526,210003301320132,-73.989252,40.735902,27/8/2014 17:44:15-04,8/27/2014 5:44:15 PM,-16.025,114.734,17,021000330132013202_x4_cropped.png
604970893,210003301332031,-73.988492,40.736353,27/8/2014 18:04:12-04,8/27/2014 6:04:12 PM,-17.199,303.089,18,021000330133203102_x4_cropped.png
604970886,210003301332012,-73.9882,40.736236,27/8/2014 18:03:05-04,8/27/2014 6:03:05 PM,-17.403,300.765,18,021000330133201210_x4_cropped.png
604992315,210003313030323,-73.989073,40.743604,28/8/2014 18:36:25-04,8/28/2014 6:36:25 PM,-13.62,188.363,18,021000331303032310_x4_cropped.png
604992306,210003313030302,-73.989004,40.743999,28/8/2014 18:35:40-04,8/28/2014 6:35:40 PM,-13.445,188.185,18,021000331303030202_x4_cropped.png
604992283,210003313030123,-73.988835,40.744894,28/8/2014 18:35:25-04,8/28/2014 6:35:25 PM,-13.345,187.915,18,021000331303012302_x4_cropped.png
604992298,210003313030222,-73.988935,40.744358,28/8/2014 18:35:33-04,8/28/2014 6:35:33 PM,-13.37,187.743,18,021000331303022210_x4_cropped.png
604992838,210003313111012,-73.988134,40.747505,28/8/2014 18:58:19-04,8/28/2014 6:58:19 PM,-11.93,294.328,18,021000331311101210_x4_cropped.png
605028964,210010000021210,-73.988701,40.753496,27/8/2014 18:53:32-04,8/27/2014 6:53:32 PM,-15.232,139.698,18,021001000002121002_x4_cropped.png
605028629,210010000010111,-73.988571,40.758442,27/8/2014 18:34:47-04,8/27/2014 6:34:47 PM,-16.927,119.043,18,021001000001011110_x4_cropped.png
605026496,210003333203000,-73.989202,40.762781,27/8/2014 17:04:00-04,8/27/2014 5:04:00 PM,-13.672,297.914,17,021000333320300010_x4_cropped.png
605026497,210003333203001,-73.989244,40.762798,27/8/2014 17:04:03-04,8/27/2014 5:04:03 PM,-13.535,297.217,17,021000333320300102_x4_cropped.png
605026499,210003333203003,-73.989328,40.76283,27/8/2014 17:04:05-04,8/27/2014 5:04:05 PM,-13.354,296.512,17,021000333320300302_x4_cropped.png
605026507,210003333203023,-73.989689,40.762999,27/8/2014 17:04:11-04,8/27/2014 5:04:11 PM,-13.348,303.368,17,021000333320302310_x4_cropped.png
605026471,210003333202213,-73.988115,40.762333,27/8/2014 17:02:34-04,8/27/2014 5:02:34 PM,-12.758,298.544,17,021000333320221302_x4_cropped.png
605026469,210003333202211,-73.988031,40.762297,27/8/2014 17:02:30-04,8/27/2014 5:02:30 PM,-12.654,299.52,17,021000333320221102_x4_cropped.png
604971106,210003302001202,-73.986278,40.733821,27/8/2014 18:14:29-04,8/27/2014 6:14:29 PM,-18.515,300.311,18,021000330200120202_x4_cropped.png
604971030,210003302000112,-73.986436,40.734722,27/8/2014 18:13:42-04,8/27/2014 6:13:42 PM,-18.417,119.721,18,021000330200011202_x4_cropped.png
604970857,210003301331221,-73.986745,40.735626,27/8/2014 18:00:33-04,8/27/2014 6:00:33 PM,-18.792,299.62,18,021000330133122110_x4_cropped.png
604991450,210003312333122,-73.986474,40.737802,28/8/2014 18:03:37-04,8/28/2014 6:03:37 PM,-17.721,118.014,18,021000331233312202_x4_cropped.png
604991455,210003312333133,-73.986267,40.737717,28/8/2014 18:03:42-04,8/28/2014 6:03:42 PM,-17.922,117.903,18,021000331233313310_x4_cropped.png
604991458,210003312333202,-73.986143,40.737666,28/8/2014 18:03:44-04,8/28/2014 6:03:44 PM,-18.041,117.889,18,021000331233320210_x4_cropped.png
604992821,210003313110311,-73.987306,40.747156,28/8/2014 18:57:10-04,8/28/2014 6:57:10 PM,-11.789,300.357,18,021000331311031102_x4_cropped.png
604992830,210003313110332,-73.98776,40.747352,28/8/2014 18:57:22-04,8/28/2014 6:57:22 PM,-11.585,300.068,18,021000331311033210_x4_cropped.png
605029080,210010000023120,-73.986498,40.754989,27/8/2014 18:58:01-04,8/27/2014 6:58:01 PM,-12.898,299.142,18,021001000002312010_x4_cropped.png
605028664,210010000010320,-73.987005,40.757775,27/8/2014 18:40:12-04,8/27/2014 6:40:12 PM,-15.384,115.957,18,021001000001032002_x4_cropped.png
605028659,210010000010303,-73.987211,40.757861,27/8/2014 18:39:02-04,8/27/2014 6:39:02 PM,-15.599,119.566,18,021001000001030302_x4_cropped.png
605028657,210010000010301,-73.987335,40.757915,27/8/2014 18:38:55-04,8/27/2014 6:38:55 PM,-15.74,119.514,18,021001000001030110_x4_cropped.png
605026451,210003333202103,-73.987197,40.761943,27/8/2014 17:02:08-04,8/27/2014 5:02:08 PM,-12.171,295.31,17,021000333320210302_x4_cropped.png
605026461,210003333202131,-73.987657,40.762135,27/8/2014 17:02:14-04,8/27/2014 5:02:14 PM,-12.334,298.796,17,021000333320213102_x4_cropped.png
604970482,210003301313302,-73.98415,40.732912,27/8/2014 17:41:30-04,8/27/2014 5:41:30 PM,-21.682,300.135,17,021000330131330202_x4_cropped.png
604991383,210003312332113,-73.985602,40.73512,28/8/2014 18:00:29-04,8/28/2014 6:00:29 PM,-18.707,303.034,18,021000331233211310_x4_cropped.png
604970577,210003301321101,-73.985704,40.735171,27/8/2014 17:48:30-04,8/27/2014 5:48:30 PM,-18.36,283.422,17,021000330132110110_x4_cropped.png
604971834,210003302030322,-73.984007,40.737519,27/8/2014 18:56:32-04,8/27/2014 6:56:32 PM,-22.909,300.554,18,021000330203032210_x4_cropped.png
604991861,210003313011311,-73.985528,40.738473,28/8/2014 18:22:47-04,8/28/2014 6:22:47 PM,-18.036,209.837,18,021000331301131102_x4_cropped.png
604991862,210003313011312,-73.985552,40.738442,28/8/2014 18:22:48-04,8/28/2014 6:22:48 PM,-17.97,210.409,18,021000331301131202_x4_cropped.png
605029054,210010000022332,-73.985335,40.754498,27/8/2014 18:57:23-04,8/27/2014 6:57:23 PM,-12.103,298.573,18,021001000002233210_x4_cropped.png
605029064,210010000023020,-73.985789,40.754692,27/8/2014 18:57:29-04,8/27/2014 6:57:29 PM,-12.41,297.569,18,021001000002302010_x4_cropped.png
604942654,210003223010332,-73.983333,40.720634,27/8/2014 17:25:03-04,8/27/2014 5:25:03 PM,-23.067,24.043,17,021000322301033202_x4_cropped.png
604971803,210003302030123,-73.982635,40.736945,27/8/2014 18:56:09-04,8/27/2014 6:56:09 PM,-23.842,299.764,18,021000330203012310_x4_cropped.png
604971825,210003302030301,-73.983633,40.737365,27/8/2014 18:56:25-04,8/27/2014 6:56:25 PM,-23.248,300.055,18,021000330203030110_x4_cropped.png
604971831,210003302030313,-73.983884,40.737466,27/8/2014 18:56:30-04,8/27/2014 6:56:30 PM,-23.086,298.739,18,021000330203031310_x4_cropped.png
604971833,210003302030321,-73.983967,40.737502,27/8/2014 18:56:31-04,8/27/2014 6:56:31 PM,-22.986,300.163,18,021000330203032102_x4_cropped.png
604970722,210003301323202,-73.981742,40.732731,27/8/2014 17:55:09-04,8/27/2014 5:55:09 PM,-24.238,326.437,17,021000330132320202_x4_cropped.png
604970724,210003301323210,-73.981816,40.73278,27/8/2014 17:55:11-04,8/27/2014 5:55:11 PM,-24.148,304.616,17,021000330132321002_x4_cropped.png
604971783,210003302030013,-73.981759,40.73658,27/8/2014 18:55:59-04,8/27/2014 6:55:59 PM,-23.542,298.368,18,021000330203001302_x4_cropped.png
604992668,210003313102130,-73.98082,40.745201,28/8/2014 18:47:02-04,8/28/2014 6:47:02 PM,-16.722,126.584,18,021000331310213010_x4_cropped.png
605028861,210010000013331,-73.981348,40.753004,27/8/2014 18:49:26-04,8/27/2014 6:49:26 PM,-6.499,207.967,18,021001000001333102_x4_cropped.png
605028862,210010000013332,-73.981392,40.75294,27/8/2014 18:49:27-04,8/27/2014 6:49:27 PM,-6.425,207.968,18,021001000001333202_x4_cropped.png
605028852,210010000013310,-73.98115,40.753296,27/8/2014 18:49:21-04,8/27/2014 6:49:21 PM,-7.107,208.405,18,021001000001331002_x4_cropped.png
605028863,210010000013333,-73.981414,40.752908,27/8/2014 18:49:28-04,8/27/2014 6:49:28 PM,-6.386,207.957,18,021001000001333302_x4_cropped.png
605028851,210010000013303,-73.981127,40.753328,27/8/2014 18:49:21-04,8/27/2014 6:49:21 PM,-7.189,208.561,18,021001000001330302_x4_cropped.png
605028865,210010000020001,-73.981458,40.752843,27/8/2014 18:49:29-04,8/27/2014 6:49:29 PM,-6.296,208.298,18,021001000002000102_x4_cropped.png
605028875,210010000020023,-73.981683,40.752522,27/8/2014 18:49:34-04,8/27/2014 6:49:34 PM,-6.086,208.245,18,021001000002002302_x4_cropped.png
605028841,210010000013221,-73.98084,40.753746,27/8/2014 18:49:14-04,8/27/2014 6:49:14 PM,-7.923,207.122,18,021001000001322110_x4_cropped.png
605028839,210010000013213,-73.980797,40.753811,27/8/2014 18:49:13-04,8/27/2014 6:49:13 PM,-8.046,209.65,18,021001000001321310_x4_cropped.png
604976344,210003303103120,-73.98087,40.767608,26/8/2014 17:18:09-04,8/26/2014 5:18:09 PM,-4.877,92.712,17,021000330310312002_x4_cropped.png
604976335,210003303103033,-73.981252,40.767756,26/8/2014 17:18:04-04,8/26/2014 5:18:04 PM,-5.247,84.414,17,021000330310303302_x4_cropped.png
604976334,210003303103032,-73.981298,40.767767,26/8/2014 17:18:03-04,8/26/2014 5:18:03 PM,-5.287,73.037,17,021000330310303202_x4_cropped.png
604976384,210003303110000,-73.979141,40.766888,26/8/2014 17:19:24-04,8/26/2014 5:19:24 PM,-5.139,99.998,17,021000330311000002_x4_cropped.png
604976368,210003303103300,-73.979822,40.767183,26/8/2014 17:18:19-04,8/26/2014 5:18:19 PM,-4.666,93.313,17,021000330310330002_x4_cropped.png
604977846,210003303222312,-73.978909,40.767854,26/8/2014 18:21:14-04,8/26/2014 6:21:14 PM,-7.394,122.302,18,021000330322231210_x4_cropped.png
604977799,210003303222013,-73.979468,40.769963,26/8/2014 18:20:01-04,8/26/2014 6:20:01 PM,-7.635,209.826,18,021000330322201302_x4_cropped.png
604977789,210003303221331,-73.97905,40.770364,26/8/2014 18:19:53-04,8/26/2014 6:19:53 PM,-8.344,214.96,18,021000330322133102_x4_cropped.png
604977795,210003303222003,-73.979349,40.770084,26/8/2014 18:19:59-04,8/26/2014 6:19:59 PM,-7.702,211.893,18,021000330322200310_x4_cropped.png
604977796,210003303222010,-73.97938,40.770054,26/8/2014 18:19:59-04,8/26/2014 6:19:59 PM,-7.68,211.52,18,021000330322201010_x4_cropped.png
604977740,210003303221030,-73.977118,40.771853,26/8/2014 18:19:24-04,8/26/2014 6:19:24 PM,-4.975,208.152,18,021000330322103002_x4_cropped.png
604977711,210003303220233,-73.976582,40.772867,26/8/2014 18:19:08-04,8/26/2014 6:19:08 PM,-1.914,190.544,18,021000330322023302_x4_cropped.png
604977701,210003303220211,-73.976423,40.773228,26/8/2014 18:19:01-04,8/26/2014 6:19:01 PM,-1.864,197.014,18,021000330322021102_x4_cropped.png
604977684,210003303220110,-73.9761,40.773805,26/8/2014 18:18:50-04,8/26/2014 6:18:50 PM,-3.29,204.519,18,021000330322011002_x4_cropped.png
790177726,233012102132332,-73.975721,40.731102,27/8/2014 18:31:22-04,8/27/2014 6:31:22 PM,-27.422,37.297,18,023301210213233202_x4_cropped.png
790177723,233012102132323,-73.975829,40.730972,27/8/2014 18:31:09-04,8/27/2014 6:31:09 PM,-27.608,25.98,18,023301210213232302_x4_cropped.png
604977510,210003303211212,-73.974692,40.774769,26/8/2014 18:06:42-04,8/26/2014 6:06:42 PM,-7.228,266.275,18,021000330321121210_x4_cropped.png
604977507,210003303211203,-73.974531,40.774816,26/8/2014 18:06:38-04,8/26/2014 6:06:38 PM,-7.544,253.981,18,021000330321120310_x4_cropped.png
604977673,210003303220021,-73.975797,40.774199,26/8/2014 18:18:43-04,8/26/2014 6:18:43 PM,-4.696,206.791,18,021000330322002102_x4_cropped.png
604976502,210003303111312,-73.973024,40.76531,26/8/2014 17:34:23-04,8/26/2014 5:34:23 PM,-14.059,64.127,17,021000330311131210_x4_cropped.png
604978078,210003303232132,-73.972262,40.76482,26/8/2014 18:40:02-04,8/26/2014 6:40:02 PM,-11.403,249.694,18,021000330323213210_x4_cropped.png
604978074,210003303232122,-73.972086,40.76475,26/8/2014 18:39:58-04,8/26/2014 6:39:58 PM,-11.475,250.171,18,021000330323212202_x4_cropped.png
604976528,210003303112100,-73.972535,40.766224,26/8/2014 17:35:04-04,8/26/2014 5:35:04 PM,-12.316,34.632,17,021000330311210010_x4_cropped.png
604977625,210003303213121,-73.973326,40.773956,26/8/2014 18:17:00-04,8/26/2014 6:17:00 PM,-10.588,308.537,18,021000330321312102_x4_cropped.png
604977601,210003303213001,-73.97218,40.773843,26/8/2014 18:16:41-04,8/26/2014 6:16:41 PM,-8.862,259.117,18,021000330321300110_x4_cropped.png
604977639,210003303213213,-73.973791,40.774385,26/8/2014 18:17:43-04,8/26/2014 6:17:43 PM,-10.37,316.655,18,021000330321321302_x4_cropped.png
604977638,210003303213212,-73.973758,40.774356,26/8/2014 18:17:42-04,8/26/2014 6:17:42 PM,-10.425,314.878,18,021000330321321202_x4_cropped.png
604977405,210003303203331,-73.973099,40.77833,26/8/2014 18:04:25-04,8/26/2014 6:04:25 PM,-8.658,248.303,18,021000330320333110_x4_cropped.png
604976440,210003303110320,-73.971339,40.763519,26/8/2014 17:24:56-04,8/26/2014 5:24:56 PM,-16.11,79.918,17,021000330311032002_x4_cropped.png
604976442,210003303110322,-73.970178,40.763054,26/8/2014 17:25:08-04,8/26/2014 5:25:08 PM,-16.88,82.163,17,021000330311032202_x4_cropped.png
1339445362,1033311211001302,-73.862659,40.730588,16/8/2021 17:08:13-04,8/16/2021 5:08:13 PM,11.081,340.587,17,103331121100130210_x4_cropped.png
1339445395,1033311211002103,-73.862314,40.732272,16/8/2021 17:08:53-04,8/16/2021 5:08:53 PM,6.881,68.906,17,103331121100210302_x4_cropped.png
1339592453,1033312020330011,-73.860081,40.720172,30/8/2021 18:01:56-04,8/30/2021 6:01:56 PM,22.713,263.833,18,103331202033001110_x4_cropped.png
604978055,210003303232013,-73.971268,40.764422,26/8/2014 18:39:43-04,8/26/2014 6:39:43 PM,-11.816,252.086,18,021000330323201310_x4_cropped.png
604978053,210003303232011,-73.97118,40.764383,26/8/2014 18:39:40-04,8/26/2014 6:39:40 PM,-11.872,256.205,18,021000330323201102_x4_cropped.png
604978067,210003303232103,-73.971776,40.764629,26/8/2014 18:39:53-04,8/26/2014 6:39:53 PM,-11.572,248.835,18,021000330323210302_x4_cropped.png
604976492,210003303111230,-73.970901,40.764212,26/8/2014 17:31:19-04,8/26/2014 5:31:19 PM,-15.255,252.954,17,021000330311123010_x4_cropped.png
604976489,210003303111221,-73.970769,40.764157,26/8/2014 17:31:17-04,8/26/2014 5:31:17 PM,-15.479,251.942,17,021000330311122102_x4_cropped.png
604977574,210003303212212,-73.970865,40.773645,26/8/2014 18:16:21-04,8/26/2014 6:16:21 PM,-6.771,272.886,18,021000330321221202_x4_cropped.png
604977561,210003303212121,-73.970211,40.773461,26/8/2014 18:16:07-04,8/26/2014 6:16:07 PM,-7.816,289.544,18,021000330321212102_x4_cropped.png
604977583,210003303212233,-73.971317,40.773763,26/8/2014 18:16:29-04,8/26/2014 6:16:29 PM,-6.835,290.386,18,021000330321223302_x4_cropped.png
604977556,210003303212110,-73.970019,40.773439,26/8/2014 18:16:05-04,8/26/2014 6:16:05 PM,-8.414,265.042,18,021000330321211002_x4_cropped.png
1339592577,1033312020332001,-73.860154,40.72341,30/8/2021 17:58:22-04,8/30/2021 5:58:22 PM,30.16,150.843,17,103331202033200110_x4_cropped.png
604977593,210003303212321,-73.971801,40.773868,26/8/2014 18:16:36-04,8/26/2014 6:16:36 PM,-7.709,274.661,18,021000330321232110_x4_cropped.png
604977370,210003303203122,-73.971818,40.779225,26/8/2014 18:03:22-04,8/26/2014 6:03:22 PM,-5.954,231.178,18,021000330320312210_x4_cropped.png
604977376,210003303203200,-73.971994,40.779046,26/8/2014 18:03:26-04,8/26/2014 6:03:26 PM,-6.743,232.085,18,021000330320320010_x4_cropped.png
604463942,210001312031012,-73.970662,40.796715,25/8/2014 17:35:36-04,8/25/2014 5:35:36 PM,-4.257,299.024,17,021000131203101210_x4_cropped.png
1339445438,1033311211002332,-73.861079,40.730079,16/8/2021 17:10:36-04,8/16/2021 5:10:36 PM,13.501,224.176,17,103331121100233202_x4_cropped.png
604977320,210003303202220,-73.969814,40.780818,26/8/2014 18:00:53-04,8/26/2014 6:00:53 PM,-3.333,234.814,18,021000330320222010_x4_cropped.png
604463918,210001312030232,-73.969657,40.79629,25/8/2014 17:35:15-04,8/25/2014 5:35:15 PM,-2.257,300.415,17,021000131203023210_x4_cropped.png
604977892,210003303223210,-73.967536,40.772662,26/8/2014 18:25:59-04,8/26/2014 6:25:59 PM,-4.302,101.678,18,021000330322321002_x4_cropped.png
604977236,210003303201110,-73.96792,40.7837,26/8/2014 18:00:05-04,8/26/2014 6:00:05 PM,7.638,238.956,18,021000330320111010_x4_cropped.png
604977210,210003303200322,-73.967204,40.784574,26/8/2014 17:59:47-04,8/26/2014 5:59:47 PM,6.948,215.192,17,021000330320032210_x4_cropped.png
604977073,210003303132301,-73.964376,40.789119,26/8/2014 17:57:23-04,8/26/2014 5:57:23 PM,1.083,231.284,17,021000330313230110_x4_cropped.png
604977071,210003303132233,-73.964338,40.789168,26/8/2014 17:57:22-04,8/26/2014 5:57:22 PM,0.896,227.882,17,021000330313223310_x4_cropped.png
604977068,210003303132230,-73.964275,40.789268,26/8/2014 17:57:20-04,8/26/2014 5:57:20 PM,0.571,221.266,17,021000330313223010_x4_cropped.png
605000994,210003321110202,-73.965792,40.80793,26/8/2014 18:20:23-04,8/26/2014 6:20:23 PM,4.716,300.049,18,021000332111020202_x4_cropped.png
604977028,210003303132010,-73.963807,40.790813,26/8/2014 17:56:47-04,8/26/2014 5:56:47 PM,-1.0,248.649,17,021000330313201010_x4_cropped.png
604977029,210003303132011,-73.963826,40.7908,26/8/2014 17:56:48-04,8/26/2014 5:56:48 PM,-1.007,247.328,17,021000330313201110_x4_cropped.png
604976980,210003303131110,-73.96226,40.792291,26/8/2014 17:56:04-04,8/26/2014 5:56:04 PM,-0.266,221.153,17,021000330313111010_x4_cropped.png
604463414,210001312010312,-73.962239,40.801512,25/8/2014 17:17:15-04,8/25/2014 5:17:15 PM,-0.774,298.51,17,021000131201031210_x4_cropped.png
604976966,210003303131012,-73.961956,40.79277,26/8/2014 17:55:50-04,8/26/2014 5:55:50 PM,-2.954,225.365,17,021000330313101202_x4_cropped.png
604463394,210001312010202,-73.961361,40.801147,25/8/2014 17:17:00-04,8/25/2014 5:17:00 PM,-5.182,300.99,17,021000131201020210_x4_cropped.png
604463401,210001312010221,-73.961657,40.801265,25/8/2014 17:17:06-04,8/25/2014 5:17:06 PM,-4.64,297.274,17,021000131201022110_x4_cropped.png
605000280,210003321021120,-73.960767,40.805004,26/8/2014 17:41:06-04,8/26/2014 5:41:06 PM,9.475,118.581,17,021000332102112010_x4_cropped.png
605000271,210003321021033,-73.961148,40.80516,26/8/2014 17:41:02-04,8/26/2014 5:41:02 PM,10.097,119.655,17,021000332102103310_x4_cropped.png
605000281,210003321021121,-73.960725,40.804986,26/8/2014 17:41:06-04,8/26/2014 5:41:06 PM,9.321,118.514,17,021000332102112110_x4_cropped.png
605000282,210003321021122,-73.960683,40.804969,26/8/2014 17:41:06-04,8/26/2014 5:41:06 PM,9.153,118.5,17,021000332102112210_x4_cropped.png
605000261,210003321021011,-73.961607,40.805359,26/8/2014 17:40:57-04,8/26/2014 5:40:57 PM,8.366,123.11,17,021000332102101102_x4_cropped.png
605000340,210003321022110,-73.9605,40.805713,26/8/2014 17:42:55-04,8/26/2014 5:42:55 PM,9.352,119.12,17,021000332102211010_x4_cropped.png
790177862,233012102201012,-73.960862,40.806771,26/8/2014 17:41:58-04,8/26/2014 5:41:58 PM,12.438,296.563,17,023301210220101210_x4_cropped.png
1339414493,1033311131133131,-73.858591,40.680241,13/8/2021 17:05:34-04,8/13/2021 5:05:34 PM,8.824,158.025,17,103331113113313102_x4_cropped.png
604960784,210003233200100,-73.956031,40.777987,26/8/2014 18:46:57-04,8/26/2014 6:46:57 PM,-3.709,118.542,18,021000323320010002_x4_cropped.png
604960777,210003233200021,-73.956356,40.778138,26/8/2014 18:46:53-04,8/26/2014 6:46:53 PM,-3.46,121.502,18,021000323320002102_x4_cropped.png
604976812,210003303122230,-73.956823,40.796665,26/8/2014 17:53:36-04,8/26/2014 5:53:36 PM,0.763,196.026,17,021000330312223010_x4_cropped.png
604976767,210003303121333,-73.957539,40.798144,26/8/2014 17:53:03-04,8/26/2014 5:53:03 PM,1.783,131.464,17,021000330312133310_x4_cropped.png
604976763,210003303121323,-73.957729,40.798191,26/8/2014 17:52:57-04,8/26/2014 5:52:57 PM,1.032,128.732,17,021000330312132310_x4_cropped.png
1339368630,1033311102102312,-73.858906,40.750963,9/8/2021 17:02:13-04,8/9/2021 5:02:13 PM,18.26,158.84,17,103331110210231202_x4_cropped.png
1339368624,1033311102102300,-73.859114,40.751366,9/8/2021 17:00:53-04,8/9/2021 5:00:53 PM,18.606,159.622,17,103331110210230002_x4_cropped.png
1338765840,1033302333020100,-73.962495,40.712645,24/6/2019 18:47:35-04,6/24/2019 6:47:35 PM,20.805,26.564,18,103330233302010010_x4_cropped.png
1338765852,1033302333020130,-73.961876,40.713625,24/6/2019 18:47:54-04,6/24/2019 6:47:54 PM,19.63,25.776,18,103330233302013010_x4_cropped.png
1338765856,1033302333020200,-73.961167,40.714647,24/6/2019 18:48:18-04,6/24/2019 6:48:18 PM,16.735,37.129,18,103330233302020010_x4_cropped.png
1338777772,1033303002002230,-73.958449,40.709399,1/10/2020 17:43:13-04,10/1/2020 5:43:13 PM,13.135,114.208,17,103330300200223002_x4_cropped.png
1338765874,1033302333020302,-73.959668,40.716049,24/6/2019 18:49:30-04,6/24/2019 6:49:30 PM,11.119,40.13,18,103330233302030202_x4_cropped.png
604960806,210003233200212,-73.955067,40.77759,26/8/2014 18:47:35-04,8/26/2014 6:47:35 PM,-4.471,137.227,18,021000323320021210_x4_cropped.png
604960799,210003233200133,-73.955384,40.777749,26/8/2014 18:47:26-04,8/26/2014 6:47:26 PM,-4.329,122.207,18,021000323320013310_x4_cropped.png
604958755,210003233000203,-73.954218,40.783889,26/8/2014 17:52:16-04,8/26/2014 5:52:16 PM,5.705,120.167,17,021000323300020302_x4_cropped.png
604958718,210003232333332,-73.955929,40.784608,26/8/2014 17:51:17-04,8/26/2014 5:51:17 PM,4.612,119.478,17,021000323233333202_x4_cropped.png
604958785,210003233001001,-73.95293,40.783355,26/8/2014 17:53:10-04,8/26/2014 5:53:10 PM,0.18,120.109,17,021000323300100110_x4_cropped.png
604958555,210003232331123,-73.951671,40.783628,26/8/2014 17:45:53-04,8/26/2014 5:45:53 PM,-4.809,298.923,17,021000323233112310_x4_cropped.png
604958556,210003232331130,-73.951713,40.783645,26/8/2014 17:45:53-04,8/26/2014 5:45:53 PM,-4.537,299.192,17,021000323233113010_x4_cropped.png
604958880,210003233002200,-73.948778,40.781609,26/8/2014 17:55:57-04,8/26/2014 5:55:57 PM,-20.36,122.272,17,021000323300220010_x4_cropped.png
604958879,210003233002133,-73.948816,40.781627,26/8/2014 17:55:56-04,8/26/2014 5:55:56 PM,-20.212,121.0,17,021000323300213302_x4_cropped.png
604958892,210003233002230,-73.948239,40.78138,26/8/2014 17:56:05-04,8/26/2014 5:56:05 PM,-21.176,119.611,17,021000323300223002_x4_cropped.png
604958871,210003233002113,-73.94915,40.781763,26/8/2014 17:55:50-04,8/26/2014 5:55:50 PM,-19.156,118.249,17,021000323300211302_x4_cropped.png
604960938,210003233202222,-73.947579,40.77277,26/8/2014 18:54:45-04,8/26/2014 6:54:45 PM,-16.019,119.519,18,021000323320222210_x4_cropped.png
1339368695,1033311102103313,-73.856543,40.746382,9/8/2021 17:05:13-04,8/9/2021 5:05:13 PM,9.868,159.011,17,103331110210331302_x4_cropped.png
1339445540,1033311211010210,-73.854031,40.730861,16/8/2021 17:03:02-04,8/16/2021 5:03:02 PM,23.256,249.178,17,103331121101021010_x4_cropped.png
1339368736,1033311102110200,-73.855131,40.74362,9/8/2021 17:06:57-04,8/9/2021 5:06:57 PM,18.103,159.509,17,103331110211020002_x4_cropped.png
1339368732,1033311102110130,-73.855266,40.743891,9/8/2021 17:06:52-04,8/9/2021 5:06:52 PM,17.971,158.876,17,103331110211013002_x4_cropped.png
1339592259,1033312020321003,-73.852525,40.723068,30/8/2021 17:43:48-04,8/30/2021 5:43:48 PM,19.461,209.597,17,103331202032100302_x4_cropped.png
1339446245,1033311211033211,-73.852451,40.729643,16/8/2021 18:20:59-04,8/16/2021 6:20:59 PM,27.045,336.894,18,103331121103321110_x4_cropped.png
1339446249,1033311211033221,-73.852603,40.729909,16/8/2021 18:21:03-04,8/16/2021 6:21:03 PM,26.409,336.637,18,103331121103322102_x4_cropped.png
1339388113,1033311113003101,-73.851611,40.694918,11/8/2021 17:09:57-04,8/11/2021 5:09:57 PM,16.06,79.018,17,103331111300310110_x4_cropped.png
1339446213,1033311211033011,-73.851966,40.726693,16/8/2021 18:20:03-04,8/16/2021 6:20:03 PM,30.636,346.002,18,103331121103301110_x4_cropped.png
1339445499,1033311211003323,-73.850409,40.731941,16/8/2021 17:01:29-04,8/16/2021 5:01:29 PM,14.179,248.946,17,103331121100332310_x4_cropped.png
1339515794,1033311312032102,-73.904907,40.872309,23/8/2021 17:02:28-04,8/23/2021 5:02:28 PM,12.066,206.067,17,103331131203210210_x4_cropped.png
1339388168,1033311113010020,-73.846341,40.689885,11/8/2021 17:04:06-04,8/11/2021 5:04:06 PM,13.668,157.057,17,103331111301002002_x4_cropped.png
1340575179,1033321320313023,-73.847379,40.712661,14/10/2021 17:18:38-04,10/14/2021 5:18:38 PM,20.834,295.963,17,103332132031302302_x4_cropped.png
1339446642,1033311211111302,-73.845919,40.736318,16/8/2021 18:14:34-04,8/16/2021 6:14:34 PM,7.583,147.954,18,103331121111130202_x4_cropped.png
1339446640,1033311211111300,-73.84599,40.736358,16/8/2021 18:14:32-04,8/16/2021 6:14:32 PM,7.384,102.591,18,103331121111130002_x4_cropped.png
1339446318,1033311211100232,-73.838291,40.720954,16/8/2021 18:04:58-04,8/16/2021 6:04:58 PM,25.873,337.346,18,103331121110023210_x4_cropped.png
1339234582,1033310301210112,-73.94273,40.71613,2/8/2021 17:00:15-04,8/2/2021 5:00:15 PM,12.562,81.73,17,103331030121011202_x4_cropped.png
1338756102,1033302330300012,-73.93297,40.668871,31/5/2019 17:27:10-04,5/31/2019 5:27:10 PM,36.061,94.112,17,103330233030001202_x4_cropped.png
1340363658,1033321011032022,-73.83255,40.69975,8/10/2021 17:24:02-04,10/8/2021 5:24:02 PM,19.304,160.386,17,103332101103202210_x4_cropped.png
1340364001,1033321011103201,-73.828736,40.700301,8/10/2021 17:15:58-04,10/8/2021 5:15:58 PM,20.612,158.771,17,103332101110320110_x4_cropped.png
1340267375,1033320231231233,-73.826026,40.707276,6/10/2021 17:30:22-04,10/6/2021 5:30:22 PM,27.88,174.231,17,103332023123123302_x4_cropped.png
1339575271,1033312010233213,-73.82703,40.767558,26/8/2021 17:29:21-04,8/26/2021 5:29:21 PM,8.912,19.765,17,103331201023321302_x4_cropped.png
1339575102,1033312010230332,-73.827131,40.767556,26/8/2021 17:35:57-04,8/26/2021 5:35:57 PM,8.521,288.478,17,103331201023033210_x4_cropped.png
1340363355,1033321011021123,-73.825267,40.694724,8/10/2021 17:02:44-04,10/8/2021 5:02:44 PM,18.805,257.35,17,103332101102112302_x4_cropped.png
1340363356,1033321011021130,-73.82536,40.69471,8/10/2021 17:02:45-04,10/8/2021 5:02:45 PM,18.811,259.67,17,103332101102113002_x4_cropped.png
1340363859,1033321011101103,-73.825859,40.700916,8/10/2021 17:14:46-04,10/8/2021 5:14:46 PM,20.89,256.047,17,103332101110110302_x4_cropped.png
1340229837,1033320210203031,-73.825156,40.712146,5/10/2021 17:33:58-04,10/5/2021 5:33:58 PM,27.415,241.461,17,103332021020303110_x4_cropped.png
1338768618,1033302333303222,-73.926259,40.701032,28/6/2019 18:32:22-04,6/28/2019 6:32:22 PM,22.189,302.482,18,103330233330322202_x4_cropped.png
592072377,203102210322321,-73.918431,40.696552,18/8/2014 17:08:15-04,8/18/2014 5:08:15 PM,-20.371,129.838,17,020310221032232102_x4_cropped.png
1339648068,1033312112201010,-73.820861,40.667399,6/9/2021 18:19:12-04,9/6/2021 6:19:12 PM,9.18,193.323,18,103331211220101002_x4_cropped.png
1338885432,1033303130110320,-73.847335,40.8429,10/6/2021 17:53:41-04,6/10/2021 5:53:41 PM,16.15,222.21,17,103330313011032002_x4_cropped.png
1340266760,1033320231210020,-73.81844,40.709844,6/10/2021 17:04:57-04,10/6/2021 5:04:57 PM,35.295,313.843,17,103332023121002002_x4_cropped.png
1340267127,1033320231221313,-73.819132,40.710764,6/10/2021 17:17:06-04,10/6/2021 5:17:06 PM,35.01,208.871,17,103332023122131302_x4_cropped.png
1340267034,1033320231220122,-73.819717,40.715713,6/10/2021 17:13:17-04,10/6/2021 5:13:17 PM,31.747,11.727,17,103332023122012202_x4_cropped.png
1339298615,1033311001030313,-73.843283,40.864296,4/8/2021 18:16:58-04,8/4/2021 6:16:58 PM,33.668,47.677,18,103331100103031302_x4_cropped.png
1339646808,1033312112031120,-73.817235,40.669733,6/9/2021 17:28:00-04,9/6/2021 5:28:00 PM,9.746,19.856,17,103331211203112002_x4_cropped.png
1339298268,1033311001013130,-73.839989,40.876345,4/8/2021 17:50:57-04,8/4/2021 5:50:57 PM,27.17,229.084,17,103331100101313002_x4_cropped.png
1338885332,1033303130103110,-73.836963,40.826571,10/6/2021 17:04:36-04,6/10/2021 5:04:36 PM,10.473,226.282,17,103330313010311010_x4_cropped.png
1340625179,1033322011010123,-73.817299,40.765419,15/10/2021 17:11:34-04,10/15/2021 5:11:34 PM,27.803,273.402,17,103332201101012302_x4_cropped.png
1339393369,1033311120111121,-73.835351,40.838803,11/8/2021 17:43:19-04,8/11/2021 5:43:19 PM,19.613,57.541,17,103331112011112102_x4_cropped.png
1339299365,1033311001120211,-73.831063,40.861225,4/8/2021 18:51:39-04,8/4/2021 6:51:39 PM,5.717,336.817,18,103331100112021102_x4_cropped.png
1338886645,1033303130213311,-73.829547,40.867839,11/6/2021 17:49:47-04,6/11/2021 5:49:47 PM,6.51,251.357,17,103330313021331102_x4_cropped.png
1339393511,1033311120113213,-73.82739,40.846068,11/8/2021 17:30:21-04,8/11/2021 5:30:21 PM,17.12,153.305,17,103331112011321310_x4_cropped.png
1339647628,1033312112122030,-73.811956,40.674352,6/9/2021 17:57:03-04,9/6/2021 5:57:03 PM,11.918,195.615,17,103331211212203002_x4_cropped.png
1339669316,1033312123231010,-73.809697,40.697117,7/9/2021 17:00:06-04,9/7/2021 5:00:06 PM,13.72,153.83,17,103331212323101010_x4_cropped.png
1339669284,1033312123230210,-73.808015,40.697615,7/9/2021 17:02:27-04,9/7/2021 5:02:27 PM,13.758,153.494,17,103331212323021002_x4_cropped.png
1339670188,1033312123322230,-73.808548,40.701806,7/9/2021 18:08:08-04,9/7/2021 6:08:08 PM,15.799,276.603,18,103331212332223002_x4_cropped.png
1339670185,1033312123322221,-73.808263,40.701786,7/9/2021 18:08:05-04,9/7/2021 6:08:05 PM,15.597,275.74,18,103331212332222102_x4_cropped.png
591206817,203033101212201,-74.00259,40.598103,5/8/2014 18:21:28-04,8/5/2014 6:21:28 PM,-25.025,218.561,18,020303310121220102_x4_cropped.png
591589618,203100233003302,-73.993561,40.691476,11/8/2014 17:10:54-04,8/11/2014 5:10:54 PM,-6.878,286.437,17,020310023300330210_x4_cropped.png
592232872,203103030012220,-73.992498,40.698567,21/8/2014 17:39:47-04,8/21/2014 5:39:47 PM,-8.416,200.36,17,020310303001222002_x4_cropped.png
610433433,210120213212121,-73.912919,40.824623,29/8/2014 18:48:29-04,8/29/2014 6:48:29 PM,-23.596,293.278,18,021012021321212110_x4_cropped.png
591589520,203100233002100,-73.988193,40.692399,11/8/2014 17:03:44-04,8/11/2014 5:03:44 PM,-12.649,181.992,17,020310023300210002_x4_cropped.png
591589912,203100233020120,-73.986543,40.691005,11/8/2014 17:41:07-04,8/11/2014 5:41:07 PM,-15.637,27.439,17,020310023302012002_x4_cropped.png
591589913,203100233020121,-73.986518,40.691034,11/8/2014 17:41:08-04,8/11/2014 5:41:08 PM,-15.66,35.936,17,020310023302012102_x4_cropped.png
591589915,203100233020123,-73.986453,40.691083,11/8/2014 17:41:10-04,8/11/2014 5:41:10 PM,-15.683,49.669,17,020310023302012310_x4_cropped.png
591589916,203100233020130,-73.986379,40.691129,11/8/2014 17:41:12-04,8/11/2014 5:41:12 PM,-15.716,46.692,17,020310023302013010_x4_cropped.png
591589917,203100233020131,-73.986348,40.691158,11/8/2014 17:41:14-04,8/11/2014 5:41:14 PM,-15.739,34.164,17,020310023302013102_x4_cropped.png
591589919,203100233020133,-73.986318,40.69123,11/8/2014 17:41:16-04,8/11/2014 5:41:16 PM,-15.819,5.359,17,020310023302013302_x4_cropped.png
1339670182,1033312123322212,-73.807695,40.701781,7/9/2021 18:08:00-04,9/7/2021 6:08:00 PM,15.232,268.123,18,103331212332221210_x4_cropped.png
591589889,203100233020001,-73.987057,40.690269,11/8/2014 17:40:33-04,8/11/2014 5:40:33 PM,-16.255,34.79,17,020310023302000102_x4_cropped.png
591589934,203100233020232,-73.98629,40.691808,11/8/2014 17:41:27-04,8/11/2014 5:41:27 PM,-16.385,1.548,17,020310023302023210_x4_cropped.png
591589937,203100233020301,-73.986284,40.691917,11/8/2014 17:41:30-04,8/11/2014 5:41:30 PM,-16.438,2.176,17,020310023302030102_x4_cropped.png
591589946,203100233020322,-73.986233,40.693,11/8/2014 17:42:04-04,8/11/2014 5:42:04 PM,-17.448,2.707,17,020310023302032202_x4_cropped.png
591589947,203100233020323,-73.986206,40.693063,11/8/2014 17:42:11-04,8/11/2014 5:42:11 PM,-17.444,35.671,17,020310023302032310_x4_cropped.png
591593273,203100233330321,-73.986075,40.693083,13/8/2014 18:26:35-04,8/13/2014 6:26:35 PM,-17.539,93.245,18,020310023333032110_x4_cropped.png
591593323,203100233331223,-73.985344,40.690954,13/8/2014 18:28:17-04,8/13/2014 6:28:17 PM,-15.987,182.383,18,020310023333122302_x4_cropped.png
591593325,203100233331231,-73.985346,40.690882,13/8/2014 18:28:19-04,8/13/2014 6:28:19 PM,-16.189,181.883,18,020310023333123102_x4_cropped.png
591593221,203100233330011,-73.985033,40.690545,13/8/2014 18:20:47-04,8/13/2014 6:20:47 PM,-15.955,284.257,18,020310023333001110_x4_cropped.png
591593220,203100233330010,-73.984986,40.690533,13/8/2014 18:20:45-04,8/13/2014 6:20:45 PM,-15.964,294.828,18,020310023333001010_x4_cropped.png
591593218,203100233330002,-73.9849,40.690502,13/8/2014 18:20:43-04,8/13/2014 6:20:43 PM,-16.0,297.878,18,020310023333000210_x4_cropped.png
591593337,203100233331321,-73.985188,40.690437,13/8/2014 18:29:19-04,8/13/2014 6:29:19 PM,-16.165,200.043,18,020310023333132102_x4_cropped.png
591593213,203100233323331,-73.984688,40.690419,13/8/2014 18:20:40-04,8/13/2014 6:20:40 PM,-16.117,298.683,18,020310023332333102_x4_cropped.png
591589970,203100233021102,-73.984299,40.69349,11/8/2014 17:44:27-04,8/11/2014 5:44:27 PM,-18.538,180.172,17,020310023302110202_x4_cropped.png
591589969,203100233021101,-73.984299,40.693526,11/8/2014 17:44:27-04,8/11/2014 5:44:27 PM,-18.594,179.201,17,020310023302110102_x4_cropped.png
591593169,203100233323101,-73.982227,40.689196,13/8/2014 18:19:13-04,8/13/2014 6:19:13 PM,-18.215,27.52,18,020310023332310110_x4_cropped.png
591593170,203100233323102,-73.982208,40.689229,13/8/2014 18:19:15-04,8/13/2014 6:19:15 PM,-18.278,23.982,18,020310023332310210_x4_cropped.png
591593171,203100233323103,-73.982189,40.689263,13/8/2014 18:19:17-04,8/13/2014 6:19:17 PM,-18.409,24.761,18,020310023332310310_x4_cropped.png
591590062,203100233022232,-73.983505,40.690844,11/8/2014 17:46:12-04,8/11/2014 5:46:12 PM,-16.202,2.027,17,020310023302223210_x4_cropped.png
591614299,203100311011123,-73.981922,40.573558,12/8/2014 17:02:51-04,8/12/2014 5:02:51 PM,-27.884,356.838,17,020310031101112310_x4_cropped.png
591614359,203100311012113,-73.981008,40.574938,12/8/2014 17:14:16-04,8/12/2014 5:14:16 PM,-28.311,358.749,17,020310031101211302_x4_cropped.png
591614367,203100311012133,-73.981049,40.575228,12/8/2014 17:14:29-04,8/12/2014 5:14:29 PM,-28.48,352.003,17,020310031101213302_x4_cropped.png
591593129,203100233322221,-73.980953,40.688596,13/8/2014 18:15:45-04,8/13/2014 6:15:45 PM,-18.276,207.045,18,020310023332222110_x4_cropped.png
591593134,203100233322232,-73.981068,40.688438,13/8/2014 18:15:56-04,8/13/2014 6:15:56 PM,-18.022,208.799,18,020310023332223202_x4_cropped.png
632972465,211232212102301,-73.979071,40.637907,3/10/2014 18:03:50-04,10/3/2014 6:03:50 PM,-17.457,262.79,18,021123221210230102_x4_cropped.png
591836725,203101223120311,-73.97469,40.628257,15/8/2014 17:39:56-04,8/15/2014 5:39:56 PM,-16.45,147.87,17,020310122312031102_x4_cropped.png
591723319,203101033230313,-73.975444,40.680891,14/8/2014 18:29:59-04,8/14/2014 6:29:59 PM,-12.729,286.334,18,020310103323031310_x4_cropped.png
591723322,203101033230322,-73.975618,40.680946,14/8/2014 18:30:01-04,8/14/2014 6:30:01 PM,-13.163,298.086,18,020310103323032210_x4_cropped.png
592176388,203102332110010,-73.966495,40.5766,19/8/2014 17:25:07-04,8/19/2014 5:25:07 PM,-27.927,253.796,17,020310233211001010_x4_cropped.png
591837420,203101223203230,-73.961349,40.629925,15/8/2014 18:07:03-04,8/15/2014 6:07:03 PM,-18.404,166.825,18,020310122320323002_x4_cropped.png
1339670111,1033312123321133,-73.804623,40.696302,7/9/2021 17:52:30-04,9/7/2021 5:52:30 PM,13.697,309.432,17,103331212332113302_x4_cropped.png
591837889,203101223223001,-73.957749,40.632467,15/8/2014 18:17:28-04,8/15/2014 6:17:28 PM,-23.598,171.274,18,020310122322300102_x4_cropped.png
591224968,203033112002020,-73.946246,40.592739,5/8/2014 17:01:24-04,8/5/2014 5:01:24 PM,-26.599,352.107,17,020303311200202010_x4_cropped.png
1366629263,1101131101232033,-74.237082,40.533677,21/6/2021 17:56:05-04,6/21/2021 5:56:05 PM,13.209,228.361,17,110113110123203310_x4_cropped.png
591603400,203100302123020,-73.926172,40.589374,11/8/2014 17:59:16-04,8/11/2014 5:59:16 PM,-28.476,84.013,17,020310030212302002_x4_cropped.png
591641450,203100323231222,-73.919118,40.641481,11/8/2014 18:53:15-04,8/11/2014 6:53:15 PM,-24.799,233.716,18,020310032323122210_x4_cropped.png
592072380,203102210322330,-73.91828,40.696463,18/8/2014 17:08:17-04,8/18/2014 5:08:17 PM,-20.466,127.909,17,020310221032233002_x4_cropped.png
592072447,203102210323333,-73.915658,40.694964,18/8/2014 17:10:02-04,8/18/2014 5:10:02 PM,-21.367,130.476,17,020310221032333302_x4_cropped.png
1339670214,1033312123323012,-73.80078,40.703188,7/9/2021 18:05:57-04,9/7/2021 6:05:57 PM,17.959,250.009,18,103331212332301202_x4_cropped.png
591694479,203101020222033,-73.872844,40.650956,14/8/2014 17:16:55-04,8/14/2014 5:16:55 PM,-25.977,34.745,17,020310102022203310_x4_cropped.png
591694480,203101020222100,-73.872814,40.650983,14/8/2014 17:16:56-04,8/14/2014 5:16:56 PM,-25.957,42.93,17,020310102022210010_x4_cropped.png
789890552,233011030113320,-73.873528,40.650585,14/8/2014 17:16:25-04,8/14/2014 5:16:25 PM,-26.201,70.265,17,023301103011332002_x4_cropped.png
591694523,203101020222323,-73.870994,40.651937,14/8/2014 17:17:44-04,8/14/2014 5:17:44 PM,-25.539,60.678,17,020310102022232310_x4_cropped.png
1339669953,1033312123313001,-73.796653,40.689915,7/9/2021 17:27:34-04,9/7/2021 5:27:34 PM,11.837,290.125,17,103331212331300102_x4_cropped.png
1339669955,1033312123313003,-73.796736,40.689966,7/9/2021 17:27:35-04,9/7/2021 5:27:35 PM,11.911,320.18,17,103331212331300302_x4_cropped.png
591694541,203101020223031,-73.87016,40.652348,14/8/2014 17:18:10-04,8/14/2014 5:18:10 PM,-25.521,60.122,17,020310102022303110_x4_cropped.png
591694542,203101020223032,-73.870119,40.652366,14/8/2014 17:18:10-04,8/14/2014 5:18:10 PM,-25.529,60.077,17,020310102022303210_x4_cropped.png
1366628767,1101131101212133,-74.214796,40.551871,21/6/2021 17:16:13-04,6/21/2021 5:16:13 PM,10.566,67.001,17,110113110121213302_x4_cropped.png
1366629005,1101131101222031,-74.211122,40.552171,21/6/2021 17:19:15-04,6/21/2021 5:19:15 PM,17.379,252.952,17,110113110122203110_x4_cropped.png
1366628638,1101131101210132,-74.20856,40.548469,21/6/2021 17:25:02-04,6/21/2021 5:25:02 PM,26.083,74.246,17,110113110121013210_x4_cropped.png
1366649053,1101131112203131,-74.185961,40.54182,23/6/2021 18:13:56-04,6/23/2021 6:13:56 PM,27.915,249.434,18,110113111220313102_x4_cropped.png
1339669463,1033312123233113,-73.792259,40.697936,7/9/2021 17:19:04-04,9/7/2021 5:19:04 PM,12.162,151.275,17,103331212323311302_x4_cropped.png
1339568477,1033312003011131,-73.789805,40.761074,25/8/2021 17:08:22-04,8/25/2021 5:08:22 PM,19.537,264.117,17,103331200301113110_x4_cropped.png
1339568479,1033312003011133,-73.789994,40.761054,25/8/2021 17:08:26-04,8/25/2021 5:08:26 PM,19.582,265.336,17,103331200301113310_x4_cropped.png
1366857662,1101132021132332,-74.144567,40.624999,7/7/2021 17:57:05-04,7/7/2021 5:57:05 PM,11.51,266.472,17,110113202113233202_x4_cropped.png
1366578866,1101131011122302,-74.14484,40.625861,17/6/2021 17:56:41-04,6/17/2021 5:56:41 PM,10.446,200.03,17,110113101112230202_x4_cropped.png
1340430441,1033321111201221,-73.780849,40.768805,11/10/2021 17:18:34-04,10/11/2021 5:18:34 PM,25.163,155.556,17,103332111120122102_x4_cropped.png
1366898687,1101132103133333,-74.138272,40.548092,9/7/2021 17:26:14-04,7/9/2021 5:26:14 PM,7.54,135.66,17,110113210313333302_x4_cropped.png
1366578340,1101131011102210,-74.135562,40.634829,17/6/2021 17:06:18-04,6/17/2021 5:06:18 PM,15.071,205.325,17,110113101110221002_x4_cropped.png
1366578329,1101131011102121,-74.135107,40.635542,17/6/2021 17:06:06-04,6/17/2021 5:06:06 PM,13.931,205.361,17,110113101110212102_x4_cropped.png
1366733979,1101131223102123,-74.128049,40.600382,28/6/2021 17:25:31-04,6/28/2021 5:25:31 PM,80.9,81.787,17,110113122310212302_x4_cropped.png
1366733590,1101131223030112,-74.123823,40.605684,28/6/2021 17:13:47-04,6/28/2021 5:13:47 PM,87.305,355.294,17,110113122303011210_x4_cropped.png
1366898868,1101132103202310,-74.121506,40.567017,9/7/2021 17:53:44-04,7/9/2021 5:53:44 PM,9.131,307.675,17,110113210320231002_x4_cropped.png
1366796122,1101131322131122,-74.113973,40.572759,2/7/2021 17:49:51-04,7/2/2021 5:49:51 PM,13.056,301.568,17,110113132213112202_x4_cropped.png
1366964571,1101132203211123,-74.086175,40.595875,13/7/2021 17:46:20-04,7/13/2021 5:46:20 PM,14.781,95.229,17,110113220321112302_x4_cropped.png
1366856048,1101132021011300,-74.086012,40.640068,7/7/2021 17:19:18-04,7/7/2021 5:19:18 PM,38.061,257.398,17,110113202101130010_x4_cropped.png
1366856354,1101132021022202,-74.085395,40.641546,7/7/2021 17:26:46-04,7/7/2021 5:26:46 PM,29.776,260.374,17,110113202102220202_x4_cropped.png
1366856602,1101132021032122,-74.083554,40.635832,7/7/2021 17:07:29-04,7/7/2021 5:07:29 PM,35.975,241.985,17,110113202103212202_x4_cropped.png
1366856490,1101132021030222,-74.083627,40.642747,7/7/2021 17:04:39-04,7/7/2021 5:04:39 PM,36.906,144.252,17,110113202103022202_x4_cropped.png
1366964732,1101132203213330,-74.081396,40.601848,13/7/2021 18:08:30-04,7/13/2021 6:08:30 PM,35.084,91.905,18,110113220321333002_x4_cropped.png
1340809548,1033322302011030,-73.744754,40.729599,20/10/2021 17:13:24-04,10/20/2021 5:13:24 PM,34.955,53.127,17,103332230201103002_x4_cropped.png
1340739154,1033322200321102,-73.745109,40.766038,18/10/2021 17:16:34-04,10/18/2021 5:16:34 PM,22.304,139.198,17,103332220032110210_x4_cropped.png
1340738483,1033322200232303,-73.738224,40.767967,18/10/2021 17:03:23-04,10/18/2021 5:03:23 PM,29.188,326.257,17,103332220023230310_x4_cropped.png
586715066,202332020332322,-73.909532,40.7089,21/7/2014 18:52:40-04,7/21/2014 6:52:40 PM,3.44,127.594,18,020233202033232202_x4_cropped.png
588003473,203003003202101,-73.799712,40.702572,4/8/2014 17:26:40-04,8/4/2014 5:26:40 PM,-13.408,257.747,17,020300300320210102_x4_cropped.png
1366257729,1101123313001001,-74.007819,40.74824,27/9/2020 17:51:51-04,9/27/2020 5:51:51 PM,3.657,180.973,17,110112331300100102_x4_cropped.png
1338759415,1033302331203313,-73.998802,40.751345,8/6/2019 17:34:10-04,6/8/2019 5:34:10 PM,11.408,299.319,17,103330233120331302_x4_cropped.png
1338759492,1033302331211010,-73.998294,40.751746,8/6/2019 18:12:42-04,6/8/2019 6:12:42 PM,13.186,302.771,18,103330233121101010_x4_cropped.png
1338759490,1033302331211002,-73.998133,40.751669,8/6/2019 18:12:38-04,6/8/2019 6:12:38 PM,13.566,300.663,18,103330233121100210_x4_cropped.png
1338759431,1033302331210013,-73.999445,40.752142,8/6/2019 17:34:44-04,6/8/2019 5:34:44 PM,10.025,26.044,17,103330233121001302_x4_cropped.png
1338759452,1033302331210130,-73.998532,40.760649,8/6/2019 17:18:22-04,6/8/2019 5:18:22 PM,6.138,207.382,17,103330233121013002_x4_cropped.png
1338759460,1033302331210210,-73.998892,40.760142,8/6/2019 17:19:16-04,6/8/2019 5:19:16 PM,7.084,207.6,17,103330233121021002_x4_cropped.png
1338759551,1033302331211333,-73.996511,40.743576,8/6/2019 18:33:59-04,6/8/2019 6:33:59 PM,12.376,118.3,18,103330233121133302_x4_cropped.png
1338765213,1033302332332131,-73.99659,40.752646,23/6/2019 17:49:12-04,6/23/2019 5:49:12 PM,17.262,300.788,17,103330233233213102_x4_cropped.png
1338765163,1033302332331223,-73.994926,40.750254,23/6/2019 17:46:50-04,6/23/2019 5:46:50 PM,12.641,29.312,17,103330233233122310_x4_cropped.png
1338765187,1033302332332003,-73.99443,40.751731,23/6/2019 17:48:10-04,6/23/2019 5:48:10 PM,14.025,296.668,17,103330233233200302_x4_cropped.png
1338765186,1033302332332002,-73.994345,40.751697,23/6/2019 17:48:09-04,6/23/2019 5:48:09 PM,13.823,298.116,17,103330233233200202_x4_cropped.png
1338765185,1033302332332001,-73.994262,40.751662,23/6/2019 17:48:08-04,6/23/2019 5:48:08 PM,13.625,300.408,17,103330233233200102_x4_cropped.png
1338765181,1033302332331331,-73.994077,40.751514,23/6/2019 17:48:01-04,6/23/2019 5:48:01 PM,13.255,9.921,17,103330233233133110_x4_cropped.png
1338759511,1033302331211113,-73.992173,40.738017,8/6/2019 18:39:42-04,6/8/2019 6:39:42 PM,16.732,209.031,18,103330233121111310_x4_cropped.png
1338759588,1033302331212210,-73.992946,40.742052,8/6/2019 18:36:33-04,6/8/2019 6:36:33 PM,14.863,119.199,18,103330233121221010_x4_cropped.png
1338759369,1033302331203021,-73.992025,40.754135,8/6/2019 17:04:11-04,6/8/2019 5:04:11 PM,11.896,342.977,17,103330233120302110_x4_cropped.png
1338759651,1033302331213203,-73.991411,40.735006,8/6/2019 18:54:23-04,6/8/2019 6:54:23 PM,17.29,119.374,18,103330233121320310_x4_cropped.png
1338759645,1033302331213131,-73.991904,40.735228,8/6/2019 18:52:19-04,6/8/2019 6:52:19 PM,16.624,120.678,18,103330233121313102_x4_cropped.png
1338759625,1033302331213021,-73.990194,40.740731,8/6/2019 18:38:15-04,6/8/2019 6:38:15 PM,17.295,200.278,18,103330233121302102_x4_cropped.png
1338759604,1033302331212310,-73.991613,40.741491,8/6/2019 18:36:50-04,6/8/2019 6:36:50 PM,15.789,118.539,18,103330233121231010_x4_cropped.png
1338759350,1033302331202312,-73.990575,40.753467,8/6/2019 17:03:32-04,6/8/2019 5:03:32 PM,13.76,300.003,17,103330233120231202_x4_cropped.png
1338759360,1033302331203000,-73.991404,40.753832,8/6/2019 17:03:44-04,6/8/2019 5:03:44 PM,12.552,299.344,17,103330233120300010_x4_cropped.png
1338759385,1033302331203121,-73.991344,40.755254,8/6/2019 17:05:07-04,6/8/2019 5:05:07 PM,12.721,24.829,17,103330233120312110_x4_cropped.png
1338759381,1033302331203111,-73.991494,40.754995,8/6/2019 17:04:50-04,6/8/2019 5:04:50 PM,12.49,27.186,17,103330233120311110_x4_cropped.png
1338759378,1033302331203102,-73.991716,40.754677,8/6/2019 17:04:39-04,6/8/2019 5:04:39 PM,12.155,29.206,17,103330233120310210_x4_cropped.png
1338759330,1033302331202202,-73.988731,40.752714,8/6/2019 17:02:05-04,6/8/2019 5:02:05 PM,16.251,298.869,17,103330233120220202_x4_cropped.png
1338759319,1033302331202113,-73.987567,40.752226,8/6/2019 17:01:32-04,6/8/2019 5:01:32 PM,17.776,298.88,17,103330233120211310_x4_cropped.png
1340904703,1033323021103333,-73.960589,40.812757,23/10/2021 17:24:01-04,10/23/2021 5:24:01 PM,27.315,208.501,17,103332302110333302_x4_cropped.png
1340904864,1033323021112200,-73.94786,40.823649,23/10/2021 17:16:06-04,10/23/2021 5:16:06 PM,41.285,297.273,17,103332302111220002_x4_cropped.png
1339107209,1033310102132021,-73.876727,40.734706,24/7/2021 17:13:24-04,7/24/2021 5:13:24 PM,10.078,314.953,17,103331010213202110_x4_cropped.png
605523643,210011320322323,-73.99806,40.71381,31/8/2014 18:01:40-04,8/31/2014 6:01:40 PM,-23.443,238.838,18,021001132032232302_x4_cropped.png
605523615,210011320322133,-73.998113,40.714689,31/8/2014 17:57:59-04,8/31/2014 5:57:59 PM,-22.37,194.199,17,021001132032213302_x4_cropped.png
605523598,210011320322032,-73.997334,40.714669,31/8/2014 17:56:59-04,8/31/2014 5:56:59 PM,-23.58,282.281,17,021001132032203210_x4_cropped.png
605523602,210011320322102,-73.997518,40.714705,31/8/2014 17:57:06-04,8/31/2014 5:57:06 PM,-23.311,287.113,17,021001132032210210_x4_cropped.png
605523605,210011320322111,-73.997697,40.714754,31/8/2014 17:57:22-04,8/31/2014 5:57:22 PM,-23.013,288.75,17,021001132032211110_x4_cropped.png
605523508,210011320320310,-73.995869,40.716182,31/8/2014 17:49:21-04,8/31/2014 5:49:21 PM,-21.089,301.718,17,021001132032031002_x4_cropped.png
605523506,210011320320302,-73.995678,40.716072,31/8/2014 17:49:18-04,8/31/2014 5:49:18 PM,-19.955,312.183,17,021001132032030202_x4_cropped.png
605510389,210011311223311,-73.992969,40.742926,30/8/2014 17:24:14-04,8/30/2014 5:24:14 PM,-19.847,118.944,17,021001131122331102_x4_cropped.png
605510605,210011311233031,-73.99154,40.735422,30/8/2014 17:27:59-04,8/30/2014 5:27:59 PM,-17.023,210.435,17,021001131123303110_x4_cropped.png
605510604,210011311233030,-73.991517,40.735453,30/8/2014 17:27:58-04,8/30/2014 5:27:58 PM,-16.993,210.428,17,021001131123303010_x4_cropped.png
605510603,210011311233023,-73.991494,40.735485,30/8/2014 17:27:57-04,8/30/2014 5:27:57 PM,-16.954,209.964,17,021001131123302310_x4_cropped.png
605510567,210011311232213,-73.990615,40.736731,30/8/2014 17:27:14-04,8/30/2014 5:27:14 PM,-16.648,214.106,17,021001131123221310_x4_cropped.png
605510568,210011311232220,-73.990641,40.7367,30/8/2014 17:27:15-04,8/30/2014 5:27:15 PM,-16.673,212.545,17,021001131123222002_x4_cropped.png
605510561,210011311232201,-73.990475,40.73692,30/8/2014 17:27:09-04,8/30/2014 5:27:09 PM,-16.607,209.422,17,021001131123220110_x4_cropped.png
1339432192,1033311201310000,-73.869275,40.74228,14/8/2021 18:06:00-04,8/14/2021 6:06:00 PM,17.118,99.037,18,103331120131000002_x4_cropped.png
1339431835,1033311201232123,-73.86857,40.747647,14/8/2021 17:19:58-04,8/14/2021 5:19:58 PM,19.929,170.701,17,103331120123212302_x4_cropped.png
1339431858,1033311201232302,-73.868222,40.746006,14/8/2021 17:21:32-04,8/14/2021 5:21:32 PM,15.142,169.566,17,103331120123230202_x4_cropped.png
1339431824,1033311201232100,-73.868945,40.74839,14/8/2021 17:19:49-04,8/14/2021 5:19:49 PM,20.545,155.313,17,103331120123210010_x4_cropped.png
1339432143,1033311201303033,-73.867188,40.743272,14/8/2021 18:04:51-04,8/14/2021 6:04:51 PM,13.327,281.261,18,103331120130303302_x4_cropped.png
1339432144,1033311201303100,-73.867282,40.743284,14/8/2021 18:04:53-04,8/14/2021 6:04:53 PM,13.499,278.519,18,103331120130310002_x4_cropped.png
1339432501,1033311201320311,-73.867868,40.742116,14/8/2021 18:07:35-04,8/14/2021 6:07:35 PM,15.988,99.261,18,103331120132031102_x4_cropped.png
604933000,210003220232020,-73.981238,40.752708,24/8/2014 17:02:49-04,8/24/2014 5:02:49 PM,4.173,118.5,17,021000322023202010_x4_cropped.png
604933165,210003220300231,-73.981827,40.757762,24/8/2014 18:45:15-04,8/24/2014 6:45:15 PM,-15.983,29.845,18,021000322030023102_x4_cropped.png
604933188,210003220301010,-73.980394,40.759707,24/8/2014 18:45:43-04,8/24/2014 6:45:43 PM,-15.053,27.217,18,021000322030101002_x4_cropped.png
604933189,210003220301011,-73.980372,40.75974,24/8/2014 18:45:44-04,8/24/2014 6:45:44 PM,-15.018,27.633,18,021000322030101102_x4_cropped.png
604933190,210003220301012,-73.980351,40.759773,24/8/2014 18:45:44-04,8/24/2014 6:45:44 PM,-14.985,28.081,18,021000322030101202_x4_cropped.png
604933192,210003220301020,-73.980255,40.7599,24/8/2014 18:45:46-04,8/24/2014 6:45:46 PM,-14.87,32.95,18,021000322030102002_x4_cropped.png
604933196,210003220301030,-73.980151,40.760025,24/8/2014 18:45:48-04,8/24/2014 6:45:48 PM,-14.767,31.424,18,021000322030103002_x4_cropped.png
604933014,210003220232112,-73.979999,40.752184,24/8/2014 17:03:49-04,8/24/2014 5:03:49 PM,4.082,119.551,17,021000322023211202_x4_cropped.png
604933223,210003220301213,-73.979443,40.760982,24/8/2014 18:46:00-04,8/24/2014 6:46:00 PM,-14.168,29.931,18,021000322030121302_x4_cropped.png
604933221,210003220301211,-73.97949,40.760917,24/8/2014 18:45:59-04,8/24/2014 6:45:59 PM,-14.215,30.008,18,021000322030121102_x4_cropped.png
604933219,210003220301203,-73.979537,40.760853,24/8/2014 18:45:58-04,8/24/2014 6:45:58 PM,-14.259,30.267,18,021000322030120302_x4_cropped.png
604933218,210003220301202,-73.97956,40.760821,24/8/2014 18:45:57-04,8/24/2014 6:45:57 PM,-14.278,30.449,18,021000322030120202_x4_cropped.png
604933209,210003220301121,-73.979772,40.760535,24/8/2014 18:45:54-04,8/24/2014 6:45:54 PM,-14.427,30.335,18,021000322030112102_x4_cropped.png
604933202,210003220301102,-73.979985,40.760249,24/8/2014 18:45:50-04,8/24/2014 6:45:50 PM,-14.673,30.293,18,021000322030110202_x4_cropped.png
1339431916,1033311201233230,-73.867406,40.747477,14/8/2021 17:17:15-04,8/14/2021 5:17:15 PM,19.21,329.829,17,103331120123323010_x4_cropped.png
604933290,210003220302222,-73.976349,40.759931,24/8/2014 18:46:59-04,8/24/2014 6:46:59 PM,-11.686,125.879,18,021000322030222210_x4_cropped.png
604933288,210003220302220,-73.976431,40.759966,24/8/2014 18:46:45-04,8/24/2014 6:46:45 PM,-11.721,120.464,18,021000322030222010_x4_cropped.png
604933257,210003220302021,-73.977848,40.760571,24/8/2014 18:46:26-04,8/24/2014 6:46:26 PM,-12.932,120.468,18,021000322030202102_x4_cropped.png
604933279,210003220302133,-73.976805,40.760129,24/8/2014 18:46:38-04,8/24/2014 6:46:38 PM,-11.944,121.072,18,021000322030213302_x4_cropped.png
604933061,210003220233011,-73.973536,40.74467,24/8/2014 18:32:00-04,8/24/2014 6:32:00 PM,-28.086,301.842,18,021000322023301110_x4_cropped.png
604933335,210003220303113,-73.973366,40.757707,24/8/2014 18:53:06-04,8/24/2014 6:53:06 PM,-14.674,30.074,18,021000322030311302_x4_cropped.png
1339432260,1033311201311010,-73.862331,40.747864,14/8/2021 17:55:47-04,8/14/2021 5:55:47 PM,17.798,252.366,17,103331120131101002_x4_cropped.png
1339432063,1033311201301333,-73.862292,40.746039,14/8/2021 17:40:40-04,8/14/2021 5:40:40 PM,17.223,338.32,17,103331120130133302_x4_cropped.png
1339432113,1033311201302301,-73.862788,40.749784,14/8/2021 17:44:56-04,8/14/2021 5:44:56 PM,16.935,7.588,17,103331120130230102_x4_cropped.png
1339432089,1033311201302121,-73.863304,40.748129,14/8/2021 17:42:02-04,8/14/2021 5:42:02 PM,17.498,6.82,17,103331120130212102_x4_cropped.png
1339432348,1033311201312130,-73.862477,40.751388,14/8/2021 17:52:03-04,8/14/2021 5:52:03 PM,23.973,158.416,17,103331120131213010_x4_cropped.png
1339432330,1033311201312022,-73.863113,40.752602,14/8/2021 17:51:45-04,8/14/2021 5:51:45 PM,25.73,158.868,17,103331120131202210_x4_cropped.png
1339432318,1033311201311332,-73.863649,40.753609,14/8/2021 17:51:29-04,8/14/2021 5:51:29 PM,24.915,158.604,17,103331120131133210_x4_cropped.png
1339432316,1033311201311330,-73.863714,40.753745,14/8/2021 17:50:50-04,8/14/2021 5:50:50 PM,25.178,160.508,17,103331120131133002_x4_cropped.png
1339432289,1033311201311201,-73.863426,40.755097,14/8/2021 17:50:12-04,8/14/2021 5:50:12 PM,24.682,255.631,17,103331120131120110_x4_cropped.png
1339432311,1033311201311313,-73.863874,40.754087,14/8/2021 17:50:43-04,8/14/2021 5:50:43 PM,25.28,160.45,17,103331120131131310_x4_cropped.png
1339431497,1033311201221021,-73.860295,40.738838,14/8/2021 17:12:14-04,8/14/2021 5:12:14 PM,7.487,338.838,17,103331120122102102_x4_cropped.png
1339432033,1033311201301201,-73.861834,40.743953,14/8/2021 17:40:03-04,8/14/2021 5:40:03 PM,18.587,6.901,17,103331120130120102_x4_cropped.png
1339432431,1033311201313233,-73.860574,40.746933,14/8/2021 18:15:52-04,8/14/2021 6:15:52 PM,14.592,69.181,18,103331120131323302_x4_cropped.png
1339432435,1033311201313303,-73.860216,40.747027,14/8/2021 18:16:10-04,8/14/2021 6:16:10 PM,14.338,64.056,18,103331120131330302_x4_cropped.png
1339432222,1033311201310132,-73.861596,40.749705,14/8/2021 17:54:52-04,8/14/2021 5:54:52 PM,20.446,158.757,17,103331120131013202_x4_cropped.png
1339431342,1033311201212232,-73.856175,40.736925,14/8/2021 17:01:40-04,8/14/2021 5:01:40 PM,7.938,202.126,17,103331120121223210_x4_cropped.png
1339431716,1033311201230210,-73.85631,40.749114,14/8/2021 17:25:52-04,8/14/2021 5:25:52 PM,13.184,69.3,17,103331120123021002_x4_cropped.png
1339431724,1033311201230230,-73.855599,40.749324,14/8/2021 17:26:01-04,8/14/2021 5:26:01 PM,12.761,68.507,17,103331120123023002_x4_cropped.png
1339432559,1033311201321233,-73.85305,40.746222,14/8/2021 18:19:33-04,8/14/2021 6:19:33 PM,11.231,155.689,18,103331120132123302_x4_cropped.png
1339432644,1033311201323010,-73.850193,40.740272,14/8/2021 18:21:48-04,8/14/2021 6:21:48 PM,10.399,197.847,18,103331120132301002_x4_cropped.png
1338769684,1033303000010110,-73.882535,40.894909,29/6/2019 17:42:31-04,6/29/2019 5:42:31 PM,56.428,218.307,17,103330300001011002_x4_cropped.png
1340036098,1033313311100002,-73.857876,40.894474,25/9/2021 17:03:15-04,9/25/2021 5:03:15 PM,49.779,291.731,17,103331331110000202_x4_cropped.png
1340066205,1033313330212131,-73.855072,40.881946,26/9/2021 17:02:43-04,9/26/2021 5:02:43 PM,51.267,292.091,17,103331333021213102_x4_cropped.png
1340035998,1033313311032132,-73.855126,40.899231,25/9/2021 17:12:04-04,9/25/2021 5:12:04 PM,50.235,212.278,17,103331331103213210_x4_cropped.png
1340035997,1033313311032131,-73.855075,40.899293,25/9/2021 17:12:03-04,9/25/2021 5:12:03 PM,50.42,211.715,17,103331331103213110_x4_cropped.png
1340067079,1033313330310013,-73.853381,40.883912,26/9/2021 17:21:09-04,9/26/2021 5:21:09 PM,52.634,111.876,17,103331333031001302_x4_cropped.png
1340036196,1033313311101210,-73.850154,40.903458,25/9/2021 17:26:08-04,9/25/2021 5:26:08 PM,48.291,295.39,17,103331331110121002_x4_cropped.png
1340036179,1033313311101103,-73.848573,40.903302,25/9/2021 17:25:49-04,9/25/2021 5:25:49 PM,54.242,275.348,17,103331331110110302_x4_cropped.png
1340036208,1033313311101300,-73.849787,40.904058,25/9/2021 17:26:23-04,9/25/2021 5:26:23 PM,48.754,55.624,17,103331331110130002_x4_cropped.png
1338756694,1033302330321112,-73.99443,40.702949,1/6/2019 17:03:05-04,6/1/2019 5:03:05 PM,6.745,253.704,17,103330233032111202_x4_cropped.png
1338756693,1033302330321111,-73.994387,40.702963,1/6/2019 17:03:04-04,6/1/2019 5:03:04 PM,6.749,238.509,17,103330233032111102_x4_cropped.png
1339351333,1033311032010211,-73.951128,40.711106,7/8/2021 17:03:18-04,8/7/2021 5:03:18 PM,8.575,351.124,17,103331103201021110_x4_cropped.png
592054233,203102200133121,-74.001066,40.693097,17/8/2014 17:41:18-04,8/17/2014 5:41:18 PM,-27.704,149.687,17,020310220013312102_x4_cropped.png
592054228,203102200133110,-74.001174,40.693284,17/8/2014 17:41:12-04,8/17/2014 5:41:12 PM,-27.545,198.274,17,020310220013311002_x4_cropped.png
592054226,203102200133102,-74.001144,40.693353,17/8/2014 17:41:08-04,8/17/2014 5:41:08 PM,-27.613,200.329,17,020310220013310202_x4_cropped.png
592054218,203102200133022,-74.001011,40.693625,17/8/2014 17:40:58-04,8/17/2014 5:40:58 PM,-27.768,201.678,17,020310220013302210_x4_cropped.png
592054217,203102200133021,-74.000994,40.693658,17/8/2014 17:40:57-04,8/17/2014 5:40:57 PM,-27.783,200.894,17,020310220013302110_x4_cropped.png
592054216,203102200133020,-74.000978,40.693693,17/8/2014 17:40:57-04,8/17/2014 5:40:57 PM,-27.797,200.533,17,020310220013302002_x4_cropped.png
592054265,203102200133321,-74.000609,40.692122,17/8/2014 17:41:59-04,8/17/2014 5:41:59 PM,-27.807,187.35,17,020310220013332102_x4_cropped.png
592054198,203102200132312,-74.000552,40.694331,17/8/2014 17:40:45-04,8/17/2014 5:40:45 PM,-27.884,244.13,17,020310220013231210_x4_cropped.png
592054199,203102200132313,-74.000593,40.69431,17/8/2014 17:40:46-04,8/17/2014 5:40:46 PM,-27.922,234.534,17,020310220013231310_x4_cropped.png
592054205,203102200132331,-74.000751,40.694089,17/8/2014 17:40:50-04,8/17/2014 5:40:50 PM,-28.122,199.307,17,020310220013233102_x4_cropped.png
592054206,203102200132332,-74.000767,40.694055,17/8/2014 17:40:51-04,8/17/2014 5:40:51 PM,-28.091,200.528,17,020310220013233202_x4_cropped.png
592054207,203102200132333,-74.000784,40.694022,17/8/2014 17:40:51-04,8/17/2014 5:40:51 PM,-28.068,204.9,17,020310220013233302_x4_cropped.png
591328386,203033233102002,-73.992074,40.693425,10/8/2014 18:21:48-04,8/10/2014 6:21:48 PM,-8.158,109.342,18,020303323310200202_x4_cropped.png
591328405,203033233102111,-73.990818,40.693093,10/8/2014 18:23:00-04,8/10/2014 6:23:00 PM,-10.153,94.153,18,020303323310211110_x4_cropped.png
592054779,203102200213323,-73.991251,40.699136,17/8/2014 18:32:19-04,8/17/2014 6:32:19 PM,-8.96,11.622,18,020310220021332302_x4_cropped.png
591683556,203101011333210,-73.949216,40.726264,16/8/2014 17:53:02-04,8/16/2014 5:53:02 PM,-25.0,67.013,17,020310101133321002_x4_cropped.png
591683541,203101011333111,-73.949911,40.726033,16/8/2014 17:52:40-04,8/16/2014 5:52:40 PM,-24.537,61.928,17,020310101133311102_x4_cropped.png
591382402,203033330132002,-73.936533,40.61931,10/8/2014 18:20:39-04,8/10/2014 6:20:39 PM,-24.895,146.903,18,020303333013200202_x4_cropped.png
591822678,203101213331112,-73.927019,40.662521,16/8/2014 17:30:47-04,8/16/2014 5:30:47 PM,-18.813,138.148,17,020310121333111210_x4_cropped.png
592025439,203102121131133,-73.910967,40.681037,17/8/2014 17:35:36-04,8/17/2014 5:35:36 PM,-5.57,81.567,17,020310212113113310_x4_cropped.png
1366614001,1101131031333301,-74.192134,40.532559,20/6/2021 17:19:38-04,6/20/2021 5:19:38 PM,22.469,156.587,17,110113103133330102_x4_cropped.png
592027268,203102121322010,-73.885843,40.662267,17/8/2014 18:37:00-04,8/17/2014 6:37:00 PM,-24.552,151.016,18,020310212132201010_x4_cropped.png
1366614123,1101131032001223,-74.186616,40.524736,20/6/2021 17:21:49-04,6/20/2021 5:21:49 PM,13.104,150.265,17,110113103200122302_x4_cropped.png
1366554301,1101130333122331,-74.147414,40.631278,13/6/2021 17:00:33-04,6/13/2021 5:00:33 PM,16.261,283.69,17,110113033312233102_x4_cropped.png
938331437,313323130310231,-74.107514,40.618391,12/7/2015 17:04:06-04,7/12/2015 5:04:06 PM,10.791,86.678,17,031332313031023110_x4_cropped.png
938331451,313323130310323,-74.106868,40.618518,12/7/2015 17:04:17-04,7/12/2015 5:04:17 PM,11.191,59.588,17,031332313031032302_x4_cropped.png
938331446,313323130310312,-74.107088,40.618444,12/7/2015 17:04:14-04,7/12/2015 5:04:14 PM,11.012,75.547,17,031332313031031202_x4_cropped.png
938331748,313323130321210,-74.102579,40.619174,12/7/2015 17:12:19-04,7/12/2015 5:12:19 PM,23.394,217.082,17,031332313032121010_x4_cropped.png
938331747,313323130321203,-74.10255,40.619203,12/7/2015 17:12:18-04,7/12/2015 5:12:18 PM,23.555,217.42,17,031332313032120310_x4_cropped.png
789723171,233010203200203,-73.835103,40.782949,3/8/2014 17:48:46-04,8/3/2014 5:48:46 PM,-25.222,91.09,17,023301020320020310_x4_cropped.png
588580640,203011100130200,-73.740576,40.755006,9/8/2014 17:43:37-04,8/9/2014 5:43:37 PM,-5.765,58.336,17,020301110013020002_x4_cropped.png
588012139,203003011221223,-73.815774,40.583818,3/8/2014 18:13:30-04,8/3/2014 6:13:30 PM,-27.605,251.31,18,020300301122122302_x4_cropped.png
