panoid,lat,lon,var1,heading,var3,var4,year,month,filename
55t_oREeQKvkCVBuUYsyTQ,40.82831444096637,-73.8502535669643,13.796339,169.55234,89.43216,1.7302337,2018,9,55t_oREeQKvkCVBuUYsyTQ_right_cropped.png
58dJz6sqscUMPJNf43rnAA,40.86120456951939,-73.86056640335991,31.404856,91.61912,91.620346,1.4610392,2022,2,58dJz6sqscUMPJNf43rnAA_left_cropped.png
5AD1xh8zqJ5q7WkAOV2A5A,40.86701542450948,-73.89614955097039,41.608425,311.86285,88.80661,1.8566054,2012,9,5AD1xh8zqJ5q7WkAOV2A5A_right_cropped.png
5b1nKLWetI8q6FFKWhkhlw,40.87973221838622,-73.87892067143487,59.566776,12.638041,92.40827,1.0219319,2007,9,5b1nKLWetI8q6FFKWhkhlw_left_cropped.png
5c79JCjUt2u4Hw6L8twErw,40.82816300442509,-73.92221817723446,23.467613,202.63364,88.83228,1.2141268,2022,3,5c79JCjUt2u4Hw6L8twErw_right_cropped.png
5CEfuFWL4S1iaHotF17wkQ,40.84358738545117,-73.86917901270063,10.737182,318.74094,93.07524,359.6453,2007,9,5CEfuFWL4S1iaHotF17wkQ_left_cropped.png
5CRWm41xzRBqRX_77ALM6w,40.84521526824538,-73.92255617546945,43.83295,200.35303,91.40464,358.50668,2014,6,5CRWm41xzRBqRX_77ALM6w_right_cropped.png
5Db4a_H08NSscPvmjGP5aQ,40.81332715022693,-73.90805590004095,11.685173,15.390443,90.69711,0.1593914,2009,4,5Db4a_H08NSscPvmjGP5aQ_left_cropped.png
5dUAkI200y24jwrUx3u7pQ,40.8355656270332,-73.91583951648904,34.689404,111.91786,95.65923,0.16739827,2007,9,5dUAkI200y24jwrUx3u7pQ_left_cropped.png
5erN7G6JwZCT7h7jNdgwHA,40.84992121720961,-73.85333326075848,23.770697,329.93228,89.82684,0.39414772,2011,8,5erN7G6JwZCT7h7jNdgwHA_left_cropped.png
5FCPXDGNBCPx2OQEFmuceQ,40.83826014806043,-73.86557456700938,14.478783,172.42601,86.88281,0.6271493,2018,6,5FCPXDGNBCPx2OQEFmuceQ_left_cropped.png
5FHYO1QZDbrHpyoRFq7fVQ,40.82639967254388,-73.89190475895519,19.054228,0.6322829,90.41332,0.05328943,2019,10,5FHYO1QZDbrHpyoRFq7fVQ_left_cropped.png
5fl5rcFkXhWd9U1r3XmmJw,40.8253217459602,-73.90824617252163,15.073888,196.426,90.613434,2.673042,2019,9,5fl5rcFkXhWd9U1r3XmmJw_right_cropped.png
5GrvxifQPiZRiY3afM83bg,40.84129957639733,-73.86788236739474,16.160229,320.50644,88.64577,1.0000138,2019,7,5GrvxifQPiZRiY3afM83bg_right_cropped.png
5hBdoHIFVh69d5KDoKadsQ,40.88142279605333,-73.88271418226675,49.166924,41.6666,90.99639,359.60477,2022,2,5hBdoHIFVh69d5KDoKadsQ_left_cropped.png
5IK8ODgDNNc9Z48H48iy5Q,40.86189009095772,-73.89211164468732,23.192244,263.16656,92.87898,359.70828,2018,5,5IK8ODgDNNc9Z48H48iy5Q_right_cropped.png
5-iLv6M2pwQcIt5nRJoscQ,40.88469027407857,-73.91890230085596,44.923805,112.859146,94.44287,357.85324,2018,7,5-iLv6M2pwQcIt5nRJoscQ_left_cropped.png
5IVWCFxExoV0pHPZ6561oQ,40.86216048923801,-73.89390937020255,32.082127,143.34077,89.98999,359.46487,2007,9,5IVWCFxExoV0pHPZ6561oQ_left_cropped.png
5jHyfwkEqpgeiJztYxQOGA,40.82590341752385,-73.91934454057909,17.245874,290.38065,89.20912,0.7825957,2014,7,5jHyfwkEqpgeiJztYxQOGA_right_cropped.png
5jwWiCTIUR5EERpbRLprdA,40.85442648583976,-73.86332775551534,20.290094,270.15735,91.832375,1.3950709,2011,8,5jwWiCTIUR5EERpbRLprdA_right_cropped.png
_5K01QRSnhGrbD-9OlWC5A,40.8191497033164,-73.9292852498699,6.451998,294.42572,88.01678,359.85168,2021,9,_5K01QRSnhGrbD-9OlWC5A_right_cropped.png
5K16xk-KhmDX0eAWpeOl2g,40.8627584214302,-73.90237858972489,38.228485,265.5766,90.210724,1.4516035,2012,9,5K16xk-KhmDX0eAWpeOl2g_right_cropped.png
5KIYTZmbmpUdZYhycp2OVw,40.8773106409165,-73.86624510605172,33.51339,20.791088,92.492615,358.18265,2016,10,5KIYTZmbmpUdZYhycp2OVw_left_cropped.png
5KkWTckzbxB8c6Cf-3riOQ,40.82652396976324,-73.91259771891119,12.883252,21.178513,89.26533,0.95281965,2018,8,5KkWTckzbxB8c6Cf-3riOQ_left_cropped.png
5LyKjLo7m5KEgAwjTzVynQ,40.81831197822676,-73.90681387638396,18.427662,287.99756,91.42639,0.31146482,2016,11,5LyKjLo7m5KEgAwjTzVynQ_right_cropped.png
5MERpuycn18Rf0Jh17jmMg,40.88412107290726,-73.84932202189414,43.21081,28.557596,89.834236,0.46139324,2017,8,5MERpuycn18Rf0Jh17jmMg_right_cropped.png
-5MUfW5feZfiuBBzkcljTA,40.86832712118597,-73.90103201529887,46.577312,287.1936,90.16409,358.77805,2018,9,-5MUfW5feZfiuBBzkcljTA_right_cropped.png
5n5R4XWENQb0FeKDHTfXkA,40.83911842369278,-73.9060666847745,15.041889,31.9283,85.97649,1.4474462,2014,9,5n5R4XWENQb0FeKDHTfXkA_right_cropped.png
5OcYUec-R7RvTYwU-wKX5A,40.86148739117434,-73.86671043529276,35.41252,14.743399,90.29506,1.8800061,2012,4,5OcYUec-R7RvTYwU-wKX5A_right_cropped.png
5_oW3MSeiwWQIXdqP4_MYQ,40.85904434503403,-73.84299841856505,15.834389,186.18991,88.376396,359.94955,2022,2,5_oW3MSeiwWQIXdqP4_MYQ_right_cropped.png
5P-EL6HKZmaH6yCqbkEOww,40.82796915132026,-73.9258883150245,10.117307,202.72943,89.68425,2.5922685,2021,8,5P-EL6HKZmaH6yCqbkEOww_right_cropped.png
5pT8VM9AMIfBlmevRGBQYw,40.85936804366788,-73.91260462633517,45.953983,114.028046,96.24434,1.3976827,2011,5,5pT8VM9AMIfBlmevRGBQYw_left_cropped.png
5Q_qNg3NOuG8ogGab8JB0Q,40.82447357698271,-73.87337656384699,5.682105,258.4651,89.40084,1.8109304,2015,10,5Q_qNg3NOuG8ogGab8JB0Q_right_cropped.png
5rsD2qBDjN2qHrGaJM2yDQ,40.81759356092536,-73.91128028029341,6.882199,17.955002,91.15774,0.23236807,2011,6,5rsD2qBDjN2qHrGaJM2yDQ_left_cropped.png
5RypdQoy0rf-YmkIzMxBOg,40.82524670079709,-73.8874705691043,14.5714655,266.9674,93.67185,358.5504,2011,6,5RypdQoy0rf-YmkIzMxBOg_left_cropped.png
5SVtwyv3a9VQQ1Hd7RATFA,40.83666324207625,-73.922249752466,8.303304,1.5601635,92.57912,359.3364,2016,10,5SVtwyv3a9VQQ1Hd7RATFA_right_cropped.png
5tPZGWdQf--6_Ey8DZBsBw,40.86382399891114,-73.90020935333135,39.386925,354.30478,89.64183,359.47083,2011,8,5tPZGWdQf--6_Ey8DZBsBw_right_cropped.png
5txafmSRbIu-_mj0SP1Jjg,40.85933892886306,-73.89217399745611,19.389767,126.69469,92.85553,359.4829,2021,8,5txafmSRbIu-_mj0SP1Jjg_left_cropped.png
5u5dNi7wq7hd8HOK-DmMAg,40.8206114645461,-73.8997578297544,16.321156,55.292072,87.34848,0.42722112,2016,11,5u5dNi7wq7hd8HOK-DmMAg_right_cropped.png
5UDzHZdpULX3qIAYx2im5g,40.84344920724288,-73.88253366445998,20.628164,211.722,89.96173,0.18365298,2022,2,5UDzHZdpULX3qIAYx2im5g_left_cropped.png
5vIiM2uh4O_baft0-Okdcw,40.81617310165757,-73.92675733321929,12.102983,307.93628,91.67224,4.2798486,2009,4,5vIiM2uh4O_baft0-Okdcw_left_cropped.png
5v_OdliuRRTtl4sVX1S--g,40.83910489152284,-73.91682519596385,23.445505,115.42328,92.529625,359.50433,2011,6,5v_OdliuRRTtl4sVX1S--g_right_cropped.png
5vtZybYrnfPH9aOpbPlmBQ,40.86586845005257,-73.8961169846499,40.179073,120.48494,91.790016,2.0441022,2011,8,5vtZybYrnfPH9aOpbPlmBQ_left_cropped.png
5w1gSkKylb1yrAVtuV9k-A,40.83558261363585,-73.88669001783288,24.343079,16.5621,90.438225,359.4516,2019,10,5w1gSkKylb1yrAVtuV9k-A_right_cropped.png
5W9ZSmNrAlboxT2zsUFqqQ,40.86968061682345,-73.87057865502362,31.703705,178.40009,90.5685,1.3744726,2021,9,5W9ZSmNrAlboxT2zsUFqqQ_left_cropped.png
5Wa9v1bMdpZH22tssYk7wA,40.81875506096749,-73.91426069658718,7.1526966,217.38252,89.22505,0.085830934,2012,9,5Wa9v1bMdpZH22tssYk7wA_right_cropped.png
5Wqk2aJLQVtKeMrrK1nZ1Q,40.82568462704123,-73.92714160881091,8.548822,27.224007,90.82116,0.72134477,2011,9,5Wqk2aJLQVtKeMrrK1nZ1Q_left_cropped.png
5WRevc12Cg35QQ9yaLV5Mw,40.85511984149782,-73.91287670687957,39.598995,211.65262,86.0486,358.45935,2011,8,5WRevc12Cg35QQ9yaLV5Mw_right_cropped.png
5XpTBdJkgw1psy1bqQLViw,40.81850114632498,-73.90209447316299,18.820564,17.731157,90.83223,0.37528434,2014,6,5XpTBdJkgw1psy1bqQLViw_right_cropped.png
5z7BpKC-hAtKyyNPtzHakw,40.84525896571927,-73.89086449541776,29.90065,121.102684,87.963554,359.64783,2011,8,5z7BpKC-hAtKyyNPtzHakw_right_cropped.png
5zCCv9ZadkGKuhzKratRWw,40.83640882082801,-73.86032448933253,13.578207,215.3858,88.42592,357.12222,2011,8,5zCCv9ZadkGKuhzKratRWw_left_cropped.png
5zZ81655cGa6mNDW192tFA,40.85517714769824,-73.91247482054747,39.352062,290.3824,92.823074,0.96389973,2014,6,5zZ81655cGa6mNDW192tFA_left_cropped.png
-64b2q6_3YSEGibI14ZkrA,40.82192443043593,-73.85826677237648,6.8016076,170.69324,91.43648,1.206387,2008,10,-64b2q6_3YSEGibI14ZkrA_right_cropped.png
64FPfYoiL643w6Y_S3KNxw,40.83549558748395,-73.8530776085234,10.078947,169.96277,90.12444,358.8768,2011,8,64FPfYoiL643w6Y_S3KNxw_left_cropped.png
64Fw8DJY9QtApRzwB25c5Q,40.83399796160371,-73.8886740474554,22.815649,204.23007,91.94299,1.8470889,2007,9,64Fw8DJY9QtApRzwB25c5Q_right_cropped.png
64gkClSM7mcL27PuI3k6tA,40.82648774959452,-73.88059488195726,6.1510673,355.9523,89.7811,0.4694465,2022,2,64gkClSM7mcL27PuI3k6tA_right_cropped.png
688PZY0a3U84VBXvylf1dg,40.85961678937372,-73.86205206840182,28.343212,88.82797,93.24798,0.107285745,2016,10,688PZY0a3U84VBXvylf1dg_right_cropped.png
68Uow3BbngwoCpYXl7F5rQ,40.84767819978393,-73.85715885175402,21.6144,59.34797,88.77295,359.94238,2011,8,68Uow3BbngwoCpYXl7F5rQ_left_cropped.png
69ptjBkb8rbRf6-kO6Lx0w,40.81046409803766,-73.85127573990295,5.4558897,347.15155,93.490974,1.0742186,2007,9,69ptjBkb8rbRf6-kO6Lx0w_left_cropped.png
6a6QY4bRB9h__EJSlLTOgw,40.83974384451724,-73.87351563725917,9.389871,93.573,89.81237,359.94318,2016,10,6a6QY4bRB9h__EJSlLTOgw_left_cropped.png
6af97U-o_QuCvEpnoVvN3Q,40.84321537303552,-73.92499893079548,42.87993,44.55347,89.00048,359.14258,2011,8,6af97U-o_QuCvEpnoVvN3Q_left_cropped.png
6akoagND6j5kWXWkspEeMg,40.81138419317749,-73.9270067895198,6.2530227,213.62347,90.090965,2.5654504,2014,8,6akoagND6j5kWXWkspEeMg_right_cropped.png
6amQqRL4BLQ8CadATcXkhw,40.8539269740466,-73.90943579743015,25.840252,123.054306,86.15728,1.2256056,2016,10,6amQqRL4BLQ8CadATcXkhw_right_cropped.png
6DMP8nvhiKJ50iKGpWf7Jw,40.84848173832763,-73.88550779074131,22.57323,32.603348,93.13189,0.013308778,2007,9,6DMP8nvhiKJ50iKGpWf7Jw_right_cropped.png
6E5f0OkTcmYkDyYuv2xYHg,40.85004033324544,-73.90678301632377,27.795826,142.189,93.37192,0.6250975,2017,10,6E5f0OkTcmYkDyYuv2xYHg_right_cropped.png
6E65GXzpV0vAWuGtbnUcvg,40.82740613380264,-73.92131307821677,21.590588,113.52862,85.92914,0.13645972,2018,7,6E65GXzpV0vAWuGtbnUcvg_right_cropped.png
6EjeiRLC_1TFh1B-CU0QBQ,40.83779163834974,-73.9114453418643,21.834196,112.43454,90.18053,0.11771207,2019,5,6EjeiRLC_1TFh1B-CU0QBQ_right_cropped.png
6eZ6qPnNLNgrKJhZ0WnVtA,40.85361970796431,-73.85995650306957,26.830532,270.24344,86.88494,359.79767,2014,9,6eZ6qPnNLNgrKJhZ0WnVtA_right_cropped.png
6f8GS_GYrMfVMHKKPzcqCg,40.81276815546567,-73.90181771255246,12.309882,69.39059,89.955055,1.448762,2022,10,6f8GS_GYrMfVMHKKPzcqCg_left_cropped.png
6fUjEd5q1FduNpXcSnCEXw,40.88487939007153,-73.91409752123178,55.568573,48.796165,89.65257,357.36505,2019,10,6fUjEd5q1FduNpXcSnCEXw_right_cropped.png
6fv9SnxuF06Mw_jte6N-1w,40.8778917690758,-73.85741449868776,39.4079,292.41907,90.7473,358.508,2012,4,6fv9SnxuF06Mw_jte6N-1w_left_cropped.png
6fVP_eFGEszkNjIj90x5gw,40.85354471923036,-73.89280748251586,27.624872,215.54767,92.35368,359.72516,2016,10,6fVP_eFGEszkNjIj90x5gw_right_cropped.png
6FxJ5pMjlngqSF0XBfhDDg,40.84151242501336,-73.92231702922068,29.891066,154.86406,87.59942,359.06976,2018,9,6FxJ5pMjlngqSF0XBfhDDg_left_cropped.png
6G7GJ6zextR2JMyCIQhV3A,40.8722238536886,-73.91118034620914,7.170393,334.80225,92.64413,0.46046105,2013,8,6G7GJ6zextR2JMyCIQhV3A_right_cropped.png
6-GE7kiloBxKpqP8TWHNJA,40.8312756417146,-73.9064306371505,16.391134,291.91586,91.6004,0.63940614,2019,10,6-GE7kiloBxKpqP8TWHNJA_right_cropped.png
6H7aUUz1kQyTKDJq4OkQkQ,40.81721163045437,-73.91477596739959,6.433767,41.444138,89.798744,359.24063,2021,9,6H7aUUz1kQyTKDJq4OkQkQ_right_cropped.png
6J0lcFJJto9mOYF4mLp9Qw,40.82727752073993,-73.87790151344758,15.5297575,171.76878,88.73553,358.8532,2016,11,6J0lcFJJto9mOYF4mLp9Qw_right_cropped.png
6j7OrVdwMMVx4NWH7wWXSg,40.84357588957339,-73.90589515953448,25.096823,332.55957,89.86826,1.3520305,2017,9,6j7OrVdwMMVx4NWH7wWXSg_right_cropped.png
6KjNZi2_d6SaOuTUmXezIg,40.86325111339035,-73.87005151351647,33.90307,91.08918,90.34227,0.026450379,2014,9,6KjNZi2_d6SaOuTUmXezIg_right_cropped.png
6kwMZz5prV7PdG8aUpVMnw,40.86258771884677,-73.8932107551104,29.641712,21.021101,88.66896,358.68045,2017,10,6kwMZz5prV7PdG8aUpVMnw_right_cropped.png
6lDo9v8_PIqVxlg8rrOvew,40.81720838362207,-73.90662808798265,12.468451,232.63068,87.79145,0.77874523,2014,6,6lDo9v8_PIqVxlg8rrOvew_right_cropped.png
6lk4KlNLZ6lMm99ZjLIqNA,40.87914876328131,-73.87138286835146,31.066381,15.46961,90.9705,0.11302816,2019,11,6lk4KlNLZ6lMm99ZjLIqNA_right_cropped.png
6_M7FR-LhGekoSnlaVNMHw,40.87572849381107,-73.90208496372875,27.511189,21.84756,88.263535,0.012278987,2011,8,6_M7FR-LhGekoSnlaVNMHw_left_cropped.png
6MMfoJ3tLC7GAX10Hrz_6w,40.82127832084843,-73.9173979606378,13.461644,23.289097,89.08452,2.3413563,2016,11,6MMfoJ3tLC7GAX10Hrz_6w_left_cropped.png
6mub-Ey9neyS6FasLnLCjQ,40.81648566660748,-73.90399285197158,15.940742,14.371974,90.93046,359.42303,2011,6,6mub-Ey9neyS6FasLnLCjQ_left_cropped.png
6mXqN0qH9zdtKxzEfGD0ww,40.83350793805938,-73.90025645239255,29.956465,294.76395,91.95161,359.55994,2011,6,6mXqN0qH9zdtKxzEfGD0ww_left_cropped.png
6N2QiyRZumc8JFTwNGd_Ng,40.8616369824313,-73.91115845758779,18.369438,96.69465,92.495804,0.36121547,2014,6,6N2QiyRZumc8JFTwNGd_Ng_left_cropped.png
6N9gfTzsL6zXLwe7VvUpvA,40.82780338572312,-73.84708094744404,10.8906555,254.62032,87.50615,0.9491299,2019,6,6N9gfTzsL6zXLwe7VvUpvA_right_cropped.png
6NBXBfa4bFKPzJA7isKtpQ,40.87196145019048,-73.88830333313004,46.264732,221.15123,92.12498,2.4134464,2007,9,6NBXBfa4bFKPzJA7isKtpQ_right_cropped.png
6O6jCHa851pBCNTqM0ORzg,40.80748611207577,-73.92895713026483,3.7431107,300.7141,89.91644,359.89252,2013,1,6O6jCHa851pBCNTqM0ORzg_right_cropped.png
6OC76EUZCd--MAIeyAMmcQ,40.82953757185895,-73.86772642124026,5.9377,349.399,88.54888,0.9015261,2018,5,6OC76EUZCd--MAIeyAMmcQ_left_cropped.png
6P5V74M3v5dKW6Nkcra3aw,40.83640536289872,-73.90833489451533,29.298523,22.781288,90.070724,0.42222583,2011,6,6P5V74M3v5dKW6Nkcra3aw_left_cropped.png
6Pn7Rni8D15IT_UVXxhh6A,40.8719483985569,-73.88100508826929,28.648033,345.7742,90.74745,0.29768577,2019,10,6Pn7Rni8D15IT_UVXxhh6A_right_cropped.png
6QdaDduruhDVJoe6_4jlqg,40.81682924738431,-73.90070725711753,17.920916,229.33333,90.18608,0.51697326,2017,10,6QdaDduruhDVJoe6_4jlqg_left_cropped.png
6rW55IMQdQlhvkzD-_JAwQ,40.84306321591053,-73.84295893354552,7.4094,332.69037,90.265594,359.37836,2018,8,6rW55IMQdQlhvkzD-_JAwQ_right_cropped.png
6S2GwzcC4j8PLAkeS8rI9w,40.82491215781572,-73.9083117496513,16.051256,16.75809,88.48844,358.3303,2014,7,6S2GwzcC4j8PLAkeS8rI9w_right_cropped.png
6sTdEon-E7YX_GoCb8XgGg,40.83869308994566,-73.88699290798337,20.845724,203.13228,90.07637,0.63591415,2018,5,6sTdEon-E7YX_GoCb8XgGg_right_cropped.png
6sVBCEUAunmIaxwKewcuHw,40.83864228965705,-73.90224967424113,15.892198,120.62771,92.0835,2.574211,2021,8,6sVBCEUAunmIaxwKewcuHw_right_cropped.png
6tM24ollKuNGu6FD1-a4Uw,40.88350577178142,-73.88065975059791,56.18823,209.32492,89.15266,359.60742,2011,8,6tM24ollKuNGu6FD1-a4Uw_right_cropped.png
6UbVolaUmzLHKulIbqeg4g,40.85153163349194,-73.91595084074979,41.399723,348.74576,88.592354,359.53604,2018,9,6UbVolaUmzLHKulIbqeg4g_left_cropped.png
6uDfXfuXpWk4KnnsrDup8w,40.85887836613739,-73.86655520603101,27.511997,180.52011,87.00689,358.35977,2022,2,6uDfXfuXpWk4KnnsrDup8w_left_cropped.png
-6uxNiJHF6rNGPsRyIXeGQ,40.81585820996803,-73.92366309763297,6.217252,28.975462,90.39075,0.63130325,2009,4,-6uxNiJHF6rNGPsRyIXeGQ_left_cropped.png
6VgvZYLS7nUoLlVOkpcbdQ,40.83091748827568,-73.9202474958841,26.385065,22.915148,89.332954,1.465217,2022,10,6VgvZYLS7nUoLlVOkpcbdQ_right_cropped.png
6VHvS8TKoy3eyJykwIWw1g,40.8410760807105,-73.89805758695644,24.409967,22.506968,90.63045,359.0473,2011,6,6VHvS8TKoy3eyJykwIWw1g_right_cropped.png
6VpbTieC-sVoxN7GgtYvBQ,40.83228805412325,-73.85643372433364,9.568899,293.778,89.9744,0.861869,2019,11,6VpbTieC-sVoxN7GgtYvBQ_right_cropped.png
6W84tGx4d9J-QAZ6yI-n5A,40.82507925094689,-73.9222118083661,17.431599,30.209387,89.16806,359.86725,2018,7,6W84tGx4d9J-QAZ6yI-n5A_right_cropped.png
6WKO5LMI7Lk44yM5WUiv7w,40.84612557597724,-73.91914019545271,30.793055,99.48623,92.153854,359.8564,2007,9,6WKO5LMI7Lk44yM5WUiv7w_left_cropped.png
6wkUgINDrUYGhYW6bjLWdg,40.84251399003048,-73.88532278954382,20.374868,2.691217,90.66247,0.075330034,2014,9,6wkUgINDrUYGhYW6bjLWdg_right_cropped.png
6wP0YDAzFvZyidknSvMkpA,40.86199502196976,-73.88205294078114,31.06657,146.96909,89.35427,1.327445,2016,5,6wP0YDAzFvZyidknSvMkpA_right_cropped.png
_6x5xHX79aemm0uIElSZRg,40.84356467151734,-73.877584702186,11.872503,24.679989,92.25954,0.8220171,2016,10,_6x5xHX79aemm0uIElSZRg_right_cropped.png
6xF4H2QlZlxSkSecKUD1VQ,40.84227080785946,-73.91105493514031,26.876926,3.3795533,88.82531,359.61984,2016,11,6xF4H2QlZlxSkSecKUD1VQ_left_cropped.png
6Y72JI_fZ9pjE6QbLTz6DQ,40.8801921973306,-73.87682403006507,53.616882,208.6503,89.87175,359.7303,2012,8,6Y72JI_fZ9pjE6QbLTz6DQ_right_cropped.png
6ykQ7X_3BO0Cha_mCFvNtQ,40.86120675582406,-73.90106458079937,39.003754,203.8187,90.64077,359.84082,2019,8,6ykQ7X_3BO0Cha_mCFvNtQ_right_cropped.png
6zlxP7DbnrtaYMm_Qm9xOg,40.88003827528195,-73.8778479489627,57.73936,16.943218,88.581116,357.70663,2014,6,6zlxP7DbnrtaYMm_Qm9xOg_right_cropped.png
70765fBtm_YumOzn0q4btw,40.81422782964333,-73.91521265475679,5.5627136,114.61373,89.96162,359.60934,2014,6,70765fBtm_YumOzn0q4btw_left_cropped.png
708E0QK-YVKfRx-A9dujSg,40.80802891052283,-73.87356139687645,5.7037535,190.98117,89.29271,1.0212114,2017,10,708E0QK-YVKfRx-A9dujSg_left_cropped.png
72_iKGC554hdmcuZTh6Ujw,40.85852066371701,-73.89908148441705,39.759956,34.14503,88.041306,1.5307807,2014,6,72_iKGC554hdmcuZTh6Ujw_right_cropped.png
73ngljWc3FXrlpjf5MbQLg,40.8599767625151,-73.9008087216792,42.11186,111.88884,89.99544,358.77304,2019,8,73ngljWc3FXrlpjf5MbQLg_left_cropped.png
73Ou01cQWJLVrsRLx3NV-A,40.861833796215,-73.89235567267616,24.989048,83.88776,85.333046,0.6628848,2014,7,73Ou01cQWJLVrsRLx3NV-A_left_cropped.png
73vFZHU1QWH3CA_AsHiHPA,40.87669205141188,-73.91837896760029,35.871677,222.54477,88.56463,1.0810843,2011,9,73vFZHU1QWH3CA_AsHiHPA_right_cropped.png
74mIsI3VDilhCDM7B1n6PA,40.82645108993246,-73.92119045446768,17.374878,2.332391,89.35831,0.21096815,2018,7,74mIsI3VDilhCDM7B1n6PA_right_cropped.png
74S87iqUmUsOgdpmwp95vw,40.83842834412986,-73.91327805414306,30.2575,114.35089,84.544846,2.3008559,2014,6,74S87iqUmUsOgdpmwp95vw_right_cropped.png
75qh5FX5P2HiExBnSHqcNg,40.81848294993645,-73.91484082468409,6.841964,198.73532,88.79483,359.68906,2016,11,75qh5FX5P2HiExBnSHqcNg_right_cropped.png
76b0P7eKN4VRl8dRaCD2uA,40.85838726103422,-73.89427540870388,16.341375,202.90155,88.72282,0.580246,2011,8,76b0P7eKN4VRl8dRaCD2uA_left_cropped.png
78JxT1DV3H0Ze8ahdZIA5A,40.86251693309249,-73.90940870553283,28.294651,62.84029,93.50287,1.1636235,2016,7,78JxT1DV3H0Ze8ahdZIA5A_right_cropped.png
78ShYU2baYBKxAyxrgKZBw,40.8624223096141,-73.89734382506632,38.43535,202.30254,88.16719,1.0101782,2014,7,78ShYU2baYBKxAyxrgKZBw_right_cropped.png
799T0VdfO_bvdvNZBwHiug,40.86037838116915,-73.90157943794891,39.74376,205.84456,88.34546,1.5144926,2014,6,799T0VdfO_bvdvNZBwHiug_left_cropped.png
7ABq6FbPLFo4husCe4xbHg,40.80161532427807,-73.91306168196165,4.480182,297.5604,89.97483,1.9465221,2011,6,7ABq6FbPLFo4husCe4xbHg_right_cropped.png
7AEzt7nUCjgfLmZ5PJXUkg,40.85306911523266,-73.9008455934034,28.814383,198.8387,85.76441,0.25790167,2011,8,7AEzt7nUCjgfLmZ5PJXUkg_right_cropped.png
7aViwR51sSQHEbXrf2xcew,40.81910525211515,-73.92921474636023,6.491774,15.162413,92.6823,0.22911878,2007,9,7aViwR51sSQHEbXrf2xcew_left_cropped.png
7BmpR_3uVOMrMC3YUcl6wA,40.81529908481952,-73.9180944258562,9.717521,115.53264,88.42246,359.77847,2016,11,7BmpR_3uVOMrMC3YUcl6wA_right_cropped.png
-7c-58c4qgjmeMDOOBUDPQ,40.81854257738964,-73.92744030990089,14.724187,108.905624,93.40709,0.03325854,2018,8,-7c-58c4qgjmeMDOOBUDPQ_right_cropped.png
7CkWHodH74tsNSdMs38ZQQ,40.85372656293772,-73.90622493282234,20.050383,213.98831,88.95475,359.73093,2014,6,7CkWHodH74tsNSdMs38ZQQ_right_cropped.png
7ddJLYHMYW-ilByEtx35lQ,40.86001277305746,-73.91258812028265,40.389214,54.602276,92.98819,359.69586,2016,11,7ddJLYHMYW-ilByEtx35lQ_left_cropped.png
7dR5GV74m7U7mjX6-wl1UA,40.8239055470811,-73.9194110110063,14.22551,200.86365,89.52164,0.5722369,2011,9,7dR5GV74m7U7mjX6-wl1UA_right_cropped.png
7_egdEg95v76MXju5Ok0XA,40.84856530039244,-73.90052137318598,13.197217,204.49046,90.74302,0.86342955,2019,10,7_egdEg95v76MXju5Ok0XA_right_cropped.png
7eyF9NhpxxgN-BRTxWpIlA,40.80524171435874,-73.91588445884533,16.312563,299.72647,86.55943,0.9917503,2022,10,7eyF9NhpxxgN-BRTxWpIlA_right_cropped.png
7fI2bYyAUGyoo79a2EArDA,40.84682155027692,-73.91526028842526,29.96088,51.147438,90.23759,0.47947633,2014,6,7fI2bYyAUGyoo79a2EArDA_left_cropped.png
7heIxPD_7j4CzAQi-2NGOg,40.84844526682208,-73.91297161652172,25.611912,29.96429,88.6556,3.4162636,2018,6,7heIxPD_7j4CzAQi-2NGOg_right_cropped.png
7hK0UHuZG6jYh9m5MKJORA,40.80915838933691,-73.85507606613129,8.106994,126.8674,89.90164,359.83954,2017,10,7hK0UHuZG6jYh9m5MKJORA_right_cropped.png
7i0F17CDsKd4sONH3QQbfQ,40.83158846976062,-73.91109234317145,10.02865,203.33482,88.36762,0.59478945,2014,6,7i0F17CDsKd4sONH3QQbfQ_left_cropped.png
7J83BizJJ1wnHUPWH7sIaQ,40.82306060318592,-73.85854251774771,5.6011467,168.79845,89.55303,1.2517937,2018,7,7J83BizJJ1wnHUPWH7sIaQ_right_cropped.png
7jNcFc30HLtiMBYXaMEjWw,40.86097490124033,-73.90652402487024,43.196648,34.14396,88.47268,359.73428,2011,8,7jNcFc30HLtiMBYXaMEjWw_right_cropped.png
7jpu9aN3bPlAAfyeVJfImQ,40.85444285913426,-73.89298332561825,23.165771,34.825195,87.36992,359.11386,2018,9,7jpu9aN3bPlAAfyeVJfImQ_left_cropped.png
7L3Td6NjgVvJfQ3Z6N9APw,40.84580458167028,-73.88470614752892,20.999548,212.43411,88.881615,1.7485956,2018,6,7L3Td6NjgVvJfQ3Z6N9APw_right_cropped.png
jfK451kF7hwzPJlerk6PVw,40.8255868345946,-73.90618617821026,24.807266,288.32507,89.21478,358.91254,2021,8,jfK451kF7hwzPJlerk6PVw_left_cropped.png
ftWSFBXnWCp3cwvLYpMgTQ,40.70128254393536,-74.01554420420078,3.7444885,144.78024,89.51642,0.20619495,2015,7,ftWSFBXnWCp3cwvLYpMgTQ_right_cropped.png
4yjDFAh-L8B8RzdjurTWfQ,40.77018558276843,-73.98034107325628,25.455473,28.17459,89.685,359.53308,2011,9,4yjDFAh-L8B8RzdjurTWfQ_right_cropped.png
Pv7jP6mL9APHtuRfQ76U3A,40.7678490190879,-73.98118617234505,25.579697,312.88013,89.709145,2.2529616,2016,5,Pv7jP6mL9APHtuRfQ76U3A_right_cropped.png
0FlWg-3BYk3fXnJz18gV_Q,40.75212094983508,-73.9777613637875,18.505737,118.7198,88.62076,359.17242,2014,8,0FlWg-3BYk3fXnJz18gV_Q_right_cropped.png
Mn9NtYIW6iqXPDOVjBREHw,40.75472614380257,-73.98792764145803,16.620428,209.49461,88.87824,0.41413525,2021,6,Mn9NtYIW6iqXPDOVjBREHw_right_cropped.png
r6KDMidHz_9uclhqZrTIRg,40.76752462288685,-73.98193002505771,24.297134,98.17646,82.77673,358.7978,2018,7,r6KDMidHz_9uclhqZrTIRg_right_cropped.png
p0sxzIPcALztLtJRzp8EnQ,40.76854472418435,-73.9819980881097,24.392872,231.38591,98.02661,9.953148,2017,5,p0sxzIPcALztLtJRzp8EnQ_left_cropped.png
C--41x3AtsTGOEBMl7spLw,40.76790853715563,-73.98154325787637,25.947704,35.425278,88.93053,1.3977234,2016,5,C--41x3AtsTGOEBMl7spLw_left_cropped.png
0kgMbB69L6DtZAItoFVK7w,40.73969139539015,-73.99098040584049,13.242268,119.73414,92.06679,359.80978,2016,11,0kgMbB69L6DtZAItoFVK7w_right_cropped.png
MLGJYqQTUm5x1y_l_oWcOQ,40.75506494800368,-73.97284774072928,14.928918,127.82391,87.447266,0.38045758,2014,5,MLGJYqQTUm5x1y_l_oWcOQ_right_cropped.png
MM3gRQFmB9j_MT-aiEsFIg,40.75792109017769,-73.98540712838687,16.44342,300.26373,90.38884,1.1206818,2011,6,MM3gRQFmB9j_MT-aiEsFIg_right_cropped.png
0Fc6bTtB8aUFLDwl1OYDXw,40.75763647907389,-73.98581818913064,16.572935,210.31741,89.57104,0.69663626,2015,8,0Fc6bTtB8aUFLDwl1OYDXw_right_cropped.png
mKwsod5SaQ2iL2GFK3Hf7Q,40.733341136794,-74.00267899112895,7.642667,243.6691,89.07856,359.6788,2022,7,mKwsod5SaQ2iL2GFK3Hf7Q_left_cropped.png
mly2NDEBN1eSgqAjtJmCCw,40.71804565027207,-74.00482304753734,8.726116,119.772064,90.68107,358.18793,2009,4,mly2NDEBN1eSgqAjtJmCCw_left_cropped.png
FDvOmoGFZektJKSCmXr8sQ,40.70550283761822,-74.01336334819048,8.409001,185.67688,86.46428,357.31558,2014,9,FDvOmoGFZektJKSCmXr8sQ_left_cropped.png
0h0Q6Dbc0uyLL6aDslDBFQ,40.77377959509175,-73.98201127027903,24.060762,294.4546,90.53894,1.1025407,2015,9,0h0Q6Dbc0uyLL6aDslDBFQ_left_cropped.png
sJJKeDGpQRSPOHN08JOvlw,40.76824955910854,-73.98149877915225,25.647076,330.3877,89.49467,1.4094127,2014,12,sJJKeDGpQRSPOHN08JOvlw_right_cropped.png
0lFDTZG10lZ5ICfKqsLTfQ,40.74604991484798,-73.99429997641066,10.9626045,208.13547,89.91788,1.4454622,2017,11,0lFDTZG10lZ5ICfKqsLTfQ_right_cropped.png
mkhjggfb0z1kjQCQgNnlaw,40.7098837322241,-74.01165271842024,7.972444,216.25046,65.35597,353.72784,2022,10,mkhjggfb0z1kjQCQgNnlaw_right_cropped.png
jUZpdKJJxSO9o18nx9-oPg,40.76177318803134,-73.96034798107789,14.1971445,34.685745,88.95335,1.2571027,2021,5,jUZpdKJJxSO9o18nx9-oPg_right_cropped.png
EB3jGdNO7lYYIhUSggpV0A,40.72085210205977,-73.99670488061527,12.37484,16.94675,90.37525,359.76974,2009,4,EB3jGdNO7lYYIhUSggpV0A_left_cropped.png
-2vsC27lIuECdp80ocaPVw,40.72127084881217,-74.00147496631962,6.705856,123.466545,90.26606,0.037272893,2018,7,-2vsC27lIuECdp80ocaPVw_left_cropped.png
qja38714jyHNaRhSKtc19g,40.73124935377875,-73.982583931538,8.171227,37.86803,92.371155,1.4595733,2016,11,qja38714jyHNaRhSKtc19g_right_cropped.png
E1EbKWmA6F7z9hrR5xGLig,40.77507459015845,-73.95905624790986,20.329655,296.8934,90.78392,1.8917756,2009,5,E1EbKWmA6F7z9hrR5xGLig_right_cropped.png
jJe0mAazP9NrgXuWEtWNMA,40.77815891799582,-73.95160164057431,19.025743,208.5737,90.20219,359.58493,2017,12,jJe0mAazP9NrgXuWEtWNMA_right_cropped.png
0F3mNK27V6-_r0s_vT8mRA,40.7190206927003,-74.00634490772654,3.5463738,41.820385,84.78236,359.3384,2022,9,0F3mNK27V6-_r0s_vT8mRA_left_cropped.png
mMqMJtunzt-mBDWoL_WkEQ,40.73723495268865,-74.00067299623417,9.864849,207.77599,88.79105,0.264987,2009,5,mMqMJtunzt-mBDWoL_WkEQ_right_cropped.png
0iyodiCgs2dZytwuphYzjg,40.7549426015475,-73.9914680330158,11.70929,29.021107,90.20083,359.09323,2022,8,0iyodiCgs2dZytwuphYzjg_left_cropped.png
pM4M5DTA5ux0Jf8ymzREOg,40.76783003310803,-73.98121486834395,25.7305,306.09848,90.90497,1.5945317,2011,7,pM4M5DTA5ux0Jf8ymzREOg_left_cropped.png
-Mn_cIa5HO722DNEcNDiIg,40.7036874654479,-74.01162555121141,3.5933254,182.0739,88.4957,1.7424947,2017,11,-Mn_cIa5HO722DNEcNDiIg_right_cropped.png
EgyZMQF7WifMzJQt29dGhg,40.7029817299591,-74.0124663879837,4.1892824,338.45242,90.579285,0.3464875,2017,9,EgyZMQF7WifMzJQt29dGhg_right_cropped.png
Jy-FePILfx1I-yNdfJhWkg,40.75768182264641,-73.97322161166238,18.151424,297.154,91.458694,0.3576831,2014,6,Jy-FePILfx1I-yNdfJhWkg_right_cropped.png
0iay4CZutJCTb0nXf6tWIg,40.70618693632439,-74.0091387938124,9.021417,124.93481,88.32752,0.56354636,2017,10,0iay4CZutJCTb0nXf6tWIg_right_cropped.png
0kLhZYAzALTGuNBjheKKQQ,40.75773256842692,-73.98882839313701,15.446255,298.73642,88.69336,2.3057215,2015,8,0kLhZYAzALTGuNBjheKKQQ_right_cropped.png
2UIeGMp07jKrDE9_qFCkpA,40.72924108180979,-74.00527665692817,5.3408203,170.01552,91.04694,2.254786,2011,7,2UIeGMp07jKrDE9_qFCkpA_right_cropped.png
MKp_UW3q03ppjlTzXSMjZA,40.75474485793821,-73.98786935474284,17.583187,119.59578,91.11633,358.53952,2016,10,MKp_UW3q03ppjlTzXSMjZA_right_cropped.png
mndBqbdlX64oJnM7lgDk2A,40.74305737712721,-73.98920617852116,13.509327,302.60236,88.66722,359.07758,2014,10,mndBqbdlX64oJnM7lgDk2A_left_cropped.png
mkphpDjlrNJV4LWlIrEWfg,40.76508744605058,-73.95554674021943,12.55378,297.00046,91.426895,358.9454,2011,7,mkphpDjlrNJV4LWlIrEWfg_left_cropped.png
tEoKdbcoUsMBCTcaLrknYw,40.77813067525415,-73.98259316799593,25.195375,295.74167,91.942085,3.3563757,2015,9,tEoKdbcoUsMBCTcaLrknYw_left_cropped.png
haYUm8vFd7anycEqj079bQ,40.78520928102116,-73.9731670869949,27.23059,208.20963,88.189,1.3793647,2014,5,haYUm8vFd7anycEqj079bQ_right_cropped.png
MK1lHXDcetDSNYtLwpdR3Q,40.73846302436345,-73.99949316875369,10.04722,119.531204,91.00775,0.07249209,2016,9,MK1lHXDcetDSNYtLwpdR3Q_right_cropped.png
0KSgF4AekFHCs67Dkchd0Q,40.77040908337276,-73.95111732061001,11.348388,27.072495,89.75965,0.41319755,2014,10,0KSgF4AekFHCs67Dkchd0Q_right_cropped.png
hsRpX8dXLjPMFodNfivpHg,40.75414663778408,-73.98644266978096,19.043467,118.80395,90.0985,0.21628949,2014,10,hsRpX8dXLjPMFodNfivpHg_right_cropped.png
5jy_DzwzogZqn-o5NccVmA,40.75615428629127,-73.98621759154975,17.278831,8.796543,80.03323,359.16522,2021,5,5jy_DzwzogZqn-o5NccVmA_left_cropped.png
MkgYeTQR6R2ASyehCqj7qg,40.72840007046299,-74.00334923549828,6.9955783,275.77472,89.190315,357.79733,2019,6,MkgYeTQR6R2ASyehCqj7qg_left_cropped.png
0h9W6lF--X1purmgLWUW9A,40.76092432598669,-73.98287241370869,17.884748,118.190056,90.164505,0.7090572,2018,10,0h9W6lF--X1purmgLWUW9A_right_cropped.png
mKmlxM83Yt5zt-Lz0WaPPw,40.8574548496856,-73.93118632339828,28.522562,30.952974,83.58237,354.9048,2011,8,mKmlxM83Yt5zt-Lz0WaPPw_right_cropped.png
oRm7JWrrMxaYIzrC8FoeAg,40.77827478076743,-73.98072873960899,25.241137,300.05612,89.082954,2.9318984,2015,9,oRm7JWrrMxaYIzrC8FoeAg_right_cropped.png
ih4jKmyTY8DuKLQoovrShw,40.75586631527231,-73.97686531310558,22.414597,293.2472,76.92763,1.3171606,2022,5,ih4jKmyTY8DuKLQoovrShw_left_cropped.png
nYX3t_humaDLZ3fsAwe9wQ,40.70359158648284,-74.01165764976137,3.487108,74.02556,91.765625,359.18613,2019,6,nYX3t_humaDLZ3fsAwe9wQ_right_cropped.png
tjPbp4O3y-1qPvycAHeGSA,40.74779109687643,-73.98699998386734,14.862133,118.87891,89.42816,1.1728157,2022,8,tjPbp4O3y-1qPvycAHeGSA_left_cropped.png
mlFOEvENYgi0wFXHQaOsBg,40.72380192802069,-74.00037252558432,8.224969,122.70392,90.00904,358.04843,2017,11,mlFOEvENYgi0wFXHQaOsBg_left_cropped.png
0HhU5-2xk39sIj1BqyH76w,40.80799818932361,-73.9455707839353,8.2044,206.68753,86.03528,359.84662,2022,11,0HhU5-2xk39sIj1BqyH76w_right_cropped.png
0Lq3o0bL0aOJp64v2rkQ1w,40.75213345585163,-73.97976795693616,24.576431,29.547737,90.4462,1.4773266,2008,10,0Lq3o0bL0aOJp64v2rkQ1w_right_cropped.png
0EViNVDZVA4seVh3o7F1Dw,40.71833653541569,-74.00546880622332,6.8850613,119.94833,93.76609,358.04663,2017,11,0EViNVDZVA4seVh3o7F1Dw_left_cropped.png
oxYIzgKhBOwDCB7syQywHw,40.75910485156705,-73.98632537805037,15.3186,117.62618,92.230156,0.71161956,2016,9,oxYIzgKhBOwDCB7syQywHw_right_cropped.png
mKQxoWgznYIaFhQTkRIatA,40.70767341731992,-74.01171763279137,12.476184,210.57793,89.35373,357.7456,2013,8,mKQxoWgznYIaFhQTkRIatA_left_cropped.png
ArgKubZ99aQHTeJO_4PpOQ,40.74570278045272,-73.99542289647272,13.09054,297.34415,90.09519,2.022091,2014,6,ArgKubZ99aQHTeJO_4PpOQ_left_cropped.png
UcT2Sg3ffS3EuSZVlP2LBw,40.74574040674538,-73.97805236413673,10.317146,30.290964,89.56545,1.2553334,2014,9,UcT2Sg3ffS3EuSZVlP2LBw_right_cropped.png
Bn2_y2-i1XADtDA8wqQ4hw,40.71816936474735,-73.98655502945262,9.597956,260.91702,90.62511,358.87527,2011,7,Bn2_y2-i1XADtDA8wqQ4hw_right_cropped.png
MMfev9BP6tHXHN1b259fnA,40.72319070117407,-73.99526893585036,13.90684,298.40063,91.81561,0.48914626,2007,9,MMfev9BP6tHXHN1b259fnA_left_cropped.png
0_gL-wAJREi6eR8h5YJ0GA,40.71497868545284,-73.99887626260241,12.655971,178.90865,91.70284,359.1627,2016,11,0_gL-wAJREi6eR8h5YJ0GA_right_cropped.png
mKYeg7atq687S3_TH8aBwg,40.76054659604737,-73.96834096500339,14.69962,119.36106,90.522736,2.128942,2011,7,mKYeg7atq687S3_TH8aBwg_right_cropped.png
0KcAPXAi04o_dNhK0-BbHw,40.75510790487917,-73.98877674238345,16.506504,115.88429,90.37081,1.5425568,2011,7,0KcAPXAi04o_dNhK0-BbHw_right_cropped.png
0jAV7PP_ZY3alWwO13ccTg,40.76287074300603,-73.96261869482744,20.54305,208.83908,90.526245,356.62817,2013,9,0jAV7PP_ZY3alWwO13ccTg_left_cropped.png
mNDkYNWXiQYnKf9cI4qZdQ,40.71285805977931,-73.9923137108216,11.749454,359.7147,90.55543,2.1521564,2012,7,mNDkYNWXiQYnKf9cI4qZdQ_right_cropped.png
dkarsQwY5iB6d8k2mZALUw,40.75058091072872,-73.98568421785923,18.814344,119.54453,91.37062,2.0041876,2019,10,dkarsQwY5iB6d8k2mZALUw_right_cropped.png
0Ic6XMEefczTy7kZ5txyyw,40.71405007141725,-73.99712739459845,13.385409,266.01697,88.340385,356.66443,2014,10,0Ic6XMEefczTy7kZ5txyyw_left_cropped.png
mKC1OtVDVvtdmC7dqd8uBA,40.76329758373006,-73.97877443767759,21.314346,299.641,90.99629,0.6592757,2014,12,mKC1OtVDVvtdmC7dqd8uBA_right_cropped.png
bTmEd3BUWOSoiqiM4Rftiw,40.71668772278689,-73.99786625382406,13.17233,199.83423,89.17136,1.519241,2014,10,bTmEd3BUWOSoiqiM4Rftiw_right_cropped.png
0GObfmcOyFALHiZeoYMVoA,40.7328182384428,-73.99582891434098,9.428091,299.53802,89.38671,358.55823,2017,9,0GObfmcOyFALHiZeoYMVoA_left_cropped.png
kDcnbgZXW5CntWbS8-ArJw,40.7514635481653,-73.9783192411115,20.335482,206.79747,91.24526,358.0123,2014,5,kDcnbgZXW5CntWbS8-ArJw_left_cropped.png
Mmc0iKwE3Lxvw4MF5HRaHg,40.74647393606901,-73.98579388778914,13.894085,301.2951,90.589096,359.57434,2012,7,Mmc0iKwE3Lxvw4MF5HRaHg_left_cropped.png
PSEGGGVWD3GiEm8sfOu5TQ,40.77483967142218,-73.95655185912224,18.632189,116.060425,88.70233,4.4314723,2013,9,PSEGGGVWD3GiEm8sfOu5TQ_left_cropped.png
h5no3C9V1sdfOuMn9c0JIQ,40.73302738989602,-73.99067570547945,14.83465,120.129555,89.985634,359.23758,2012,8,h5no3C9V1sdfOuMn9c0JIQ_left_cropped.png
0JnNl9ytpB_L-rXtrVA1tg,40.75858069075153,-73.98889053543147,13.694574,87.98355,90.2374,359.75873,2022,8,0JnNl9ytpB_L-rXtrVA1tg_left_cropped.png
0kESUyIev5Ks2zk30Ubm6g,40.71143986495551,-74.01049062192159,9.125524,28.670473,90.90946,2.5852838,2023,3,0kESUyIev5Ks2zk30Ubm6g_right_cropped.png
0lk4HMBBSkpdeoZJM66L_A,40.73971780340148,-73.99104165073399,13.136613,120.029816,93.263535,358.78598,2016,11,0lk4HMBBSkpdeoZJM66L_A_right_cropped.png
0i7ErwrXe6agsJGpn1ycJw,40.76155739785492,-73.99019560863728,15.949039,300.39362,89.611786,358.8511,2013,8,0i7ErwrXe6agsJGpn1ycJw_right_cropped.png
0F1zwxR8a5g5xsrOWlwiBQ,40.72333167402557,-73.99033361194299,13.406688,17.952972,88.997955,359.64807,2017,11,0F1zwxR8a5g5xsrOWlwiBQ_left_cropped.png
mlVmdVx_Tulqq_wZOmmVVQ,40.81680756228451,-73.94627898725344,9.60659,29.493862,88.72051,1.255064,2014,9,mlVmdVx_Tulqq_wZOmmVVQ_right_cropped.png
K5ihJimOmtjU0D-4Bm596A,40.71977779330969,-73.99619789847306,11.870431,196.76323,88.81615,1.5270325,2021,8,K5ihJimOmtjU0D-4Bm596A_left_cropped.png
MMRdbuctPfEa796NEZ3hXg,40.80619182872785,-73.96530308721333,39.01766,208.82988,89.77393,0.18120663,2013,8,MMRdbuctPfEa796NEZ3hXg_left_cropped.png
BEGgWu0wuIEJoEv5KoqLbQ,40.71491617045888,-73.99852100266439,13.029424,286.3286,88.07299,359.82672,2014,10,BEGgWu0wuIEJoEv5KoqLbQ_left_cropped.png
0kQnv6heaWVDHt2g9DbhNA,40.85164906191454,-73.94198748296131,46.29989,71.69782,91.33437,1.2810953,2018,10,0kQnv6heaWVDHt2g9DbhNA_right_cropped.png
6G7GJ6zextR2JMyCIQhV3A,40.8722238536886,-73.91118034620914,7.170393,334.80225,92.64413,0.46046105,2013,8,6G7GJ6zextR2JMyCIQhV3A_right_cropped.png
EWCKJX9hAuZtjvZkMm4O6A,40.70718750584959,-74.00407919395346,3.109344,156.89427,77.75665,349.44385,2021,3,EWCKJX9hAuZtjvZkMm4O6A_left_cropped.png
8zDKSAVgyrop62kBkiHPTw,40.71978263036147,-74.0101794073168,6.295545,186.81807,89.00365,0.31625113,2014,10,8zDKSAVgyrop62kBkiHPTw_left_cropped.png
d_wAYkKMM3nPbKJ1tj6U8w,40.7626063033271,-73.96328728529392,20.446844,106.23824,90.822266,359.62216,2022,8,d_wAYkKMM3nPbKJ1tj6U8w_right_cropped.png
DAMn7eWejP1ZqOuGoBKdhA,40.71625790210634,-73.9929445368702,14.421572,21.185078,88.36657,359.42795,2013,8,DAMn7eWejP1ZqOuGoBKdhA_right_cropped.png
mJZWtDXgKVI0uN129h6dHA,40.75505314547143,-73.98668110894207,17.897106,195.43712,90.78112,0.7083019,2019,11,mJZWtDXgKVI0uN129h6dHA_right_cropped.png
0gD6Jqg2xidqSDucx-gsrA,40.80005225810989,-73.97078610166747,32.51197,300.34418,85.21632,0.76781,2016,5,0gD6Jqg2xidqSDucx-gsrA_right_cropped.png
MmPJHzpXK_bQ44tC_biq7Q,40.73073554645715,-74.00271028419587,6.38054,156.56348,89.62233,359.78915,2019,6,MmPJHzpXK_bQ44tC_biq7Q_left_cropped.png
MlC8YG4fR1k8k-oIzQWCig,40.73428297317812,-73.98542676678011,9.660679,118.794945,89.518295,358.81873,2021,7,MlC8YG4fR1k8k-oIzQWCig_left_cropped.png
Mk-7Bn1NEC82dsd8EA8KFg,40.76923801735589,-73.9673348313534,23.980972,119.08439,89.81115,0.6024732,2016,5,Mk-7Bn1NEC82dsd8EA8KFg_left_cropped.png
MjNIpQD-OYZU5ZkTOte-FQ,40.75661677433435,-73.97847106309621,21.163982,298.4289,89.59603,358.12756,2013,8,MjNIpQD-OYZU5ZkTOte-FQ_left_cropped.png
0JW-e-lFzCPohkitv9tVTQ,40.84258378563793,-73.93859929164334,59.363823,27.604307,92.579575,1.956145,2013,8,0JW-e-lFzCPohkitv9tVTQ_right_cropped.png
ML9SgmQiXc19v87x3g8kKw,40.76359738239388,-73.97145439475892,15.307767,119.59315,90.7743,0.4183008,2014,6,ML9SgmQiXc19v87x3g8kKw_right_cropped.png
QPJOiMmKc4WQiIA4BRFXmg,40.74740457713503,-73.99951657169501,8.387839,298.6136,89.464264,0.8322458,2019,6,QPJOiMmKc4WQiIA4BRFXmg_left_cropped.png
mk4iSwYCPFDuIJ8icTwt2w,40.75830621777678,-73.97469628283066,21.294329,298.81674,91.148415,359.03998,2011,7,mk4iSwYCPFDuIJ8icTwt2w_left_cropped.png
cFdjmg-qSW9Gu279exwFLA,40.76701475258379,-73.96789372538889,17.747776,117.577255,88.141304,0.69302535,2014,10,cFdjmg-qSW9Gu279exwFLA_left_cropped.png
fkv-9sJ7WDub1C2j9K1cdg,40.7265139285669,-74.00237879262238,6.8872805,302.88412,91.07962,0.5224201,2019,10,fkv-9sJ7WDub1C2j9K1cdg_right_cropped.png
_MKdt8rSYX8vjJ4D-prHrQ,40.78913500431786,-73.95278095461126,15.8474655,28.122328,87.64464,0.4566829,2017,12,_MKdt8rSYX8vjJ4D-prHrQ_left_cropped.png
FfjrcdxpEOc4Ef7NOBj6tA,40.7339973779049,-73.98875136535882,13.788198,299.2197,89.51308,0.40321627,2014,10,FfjrcdxpEOc4Ef7NOBj6tA_right_cropped.png
RrX8jDboUGNizWSj1Mntpg,40.76329355650965,-73.98266123081304,22.760738,298.4474,89.36611,357.71756,2011,7,RrX8jDboUGNizWSj1Mntpg_left_cropped.png
6O6jCHa851pBCNTqM0ORzg,40.80748611207577,-73.92895713026483,3.7431107,300.7141,89.91644,359.89252,2013,1,6O6jCHa851pBCNTqM0ORzg_right_cropped.png
0lQyneTIAwkAAH5djTOvCA,40.75359745678793,-73.98085715447641,23.412512,209.06383,91.668594,0.30043972,2017,11,0lQyneTIAwkAAH5djTOvCA_right_cropped.png
BIXuyUysVrj9lHD2klSXsg,40.7478651932294,-74.00463035960946,4.733717,119.058266,89.484886,1.4956764,2009,5,BIXuyUysVrj9lHD2klSXsg_right_cropped.png
0ITohCutv2RRusUNNJjBJw,40.79117802531515,-73.97535586360766,27.420113,119.14353,90.84098,0.20162879,2013,8,0ITohCutv2RRusUNNJjBJw_left_cropped.png
0lgfNsuBNUatEdxHO6z2Rg,40.71436006030101,-73.99302819850588,14.087669,191.55688,89.73709,0.9507007,2012,8,0lgfNsuBNUatEdxHO6z2Rg_left_cropped.png
mkWjXqAyiMv8fq2kEZ3QJQ,40.75741043917976,-73.98424908734616,18.140394,300.20627,89.46155,358.31824,2012,8,mkWjXqAyiMv8fq2kEZ3QJQ_left_cropped.png
mKWRx9_bgcNR7auJuuviYg,40.74206152402759,-73.9829330334694,11.984603,208.71191,90.05721,2.1144662,2009,5,mKWRx9_bgcNR7auJuuviYg_right_cropped.png
98Ai9dy2X17iLxAwp_SF4g,40.7444618956776,-73.97720518870553,7.791962,298.00714,90.68188,359.154,2019,7,98Ai9dy2X17iLxAwp_SF4g_right_cropped.png
8BnKQflDr4dG7bnkHRArpA,40.75992096761001,-73.97660722247312,22.896042,117.04615,89.98698,359.28357,2013,8,8BnKQflDr4dG7bnkHRArpA_left_cropped.png
BRfhAWEVDBASs9bubc9Y0A,40.78957493887868,-73.97350750719897,31.408443,304.02893,92.215836,358.4236,2016,10,BRfhAWEVDBASs9bubc9Y0A_left_cropped.png
-7su3xffb2br1uU0ujXsiA,40.8563183988861,-73.93738464089645,71.7763,29.626627,89.54677,359.34503,2014,9,-7su3xffb2br1uU0ujXsiA_left_cropped.png
C32tnvgp1etpXedaF4ZhsA,40.76273721721289,-73.98327881682752,20.672009,117.65325,89.37583,0.85057515,2014,10,C32tnvgp1etpXedaF4ZhsA_left_cropped.png
ML4qEznuDrnGHEpFbIWR0Q,40.767522043465,-73.9826241953174,25.067656,122.16806,91.142136,358.3815,2016,9,ML4qEznuDrnGHEpFbIWR0Q_left_cropped.png
0GN7wGPNwsb6DcD70DwjdQ,40.77174110569153,-73.96544989725176,22.554024,119.15542,89.050514,358.3385,2013,9,0GN7wGPNwsb6DcD70DwjdQ_right_cropped.png
0hLbANpBtL95FqCZZ1_DRg,40.76753426137543,-73.95937776947125,19.264584,210.03505,89.890076,2.5489185,2016,5,0hLbANpBtL95FqCZZ1_DRg_right_cropped.png
KbQFT4Ys9bBDB7e58ILwww,40.7718878314157,-73.95576288562002,13.977892,299.07635,91.08616,358.91867,2009,5,KbQFT4Ys9bBDB7e58ILwww_right_cropped.png
ftWSFBXnWCp3cwvLYpMgTQ,40.70128254393536,-74.01554420420078,3.7444885,144.78024,89.51642,0.20619495,2015,7,ftWSFBXnWCp3cwvLYpMgTQ_right_cropped.png
mmK6EgoDmRb32bCmdvxFYw,40.8042590818977,-73.93922150345011,8.454326,118.715416,87.99622,357.82327,2011,8,mmK6EgoDmRb32bCmdvxFYw_right_cropped.png
0gR_KyKkl0Ea0-8YPrcbGw,40.74775429600128,-74.00031872595537,7.58965,299.1847,90.63956,358.61374,2019,6,0gR_KyKkl0Ea0-8YPrcbGw_right_cropped.png
BAOF3ZHic8cWZlfFfP2fHg,40.81390829560282,-73.94033514726995,7.186788,300.37653,89.68031,1.266163,2011,8,BAOF3ZHic8cWZlfFfP2fHg_right_cropped.png
uTrSLzr09cSnBhZZanHJTQ,40.8499618553116,-73.93864324208883,64.69073,16.124533,91.79008,359.7203,2016,11,uTrSLzr09cSnBhZZanHJTQ_right_cropped.png
JZH0ZhrzgsPeUk36LFf4UA,40.71398275802434,-73.98333405602003,11.261584,77.978,89.210464,1.8833007,2019,10,JZH0ZhrzgsPeUk36LFf4UA_right_cropped.png
2Gx6kG0cSGdLu0vJSbKpvw,40.72735868174419,-74.00892772951737,3.5179455,184.17703,86.769165,2.5995688,2022,9,2Gx6kG0cSGdLu0vJSbKpvw_right_cropped.png
0kx0ENOFKt6O7FtlnHDBxQ,40.71426796238753,-73.9941695978187,13.162273,265.005,89.19794,359.69934,2011,7,0kx0ENOFKt6O7FtlnHDBxQ_left_cropped.png
MnAcj4QMzBFtyqgD0H5Hog,40.77407642590044,-73.98662031101937,18.041405,118.81447,91.39785,0.23234639,2019,6,MnAcj4QMzBFtyqgD0H5Hog_left_cropped.png
G3n5o4bR-1HZ2VgFOSy7PQ,40.70876751854667,-74.00080794335858,4.237748,131.7172,88.66004,359.15073,2018,7,G3n5o4bR-1HZ2VgFOSy7PQ_left_cropped.png
0HUYd3Q1GH884udRPh7sPA,40.71565391568674,-73.99849446125944,11.166172,190.32565,91.56889,0.23882416,2023,4,0HUYd3Q1GH884udRPh7sPA_left_cropped.png
A7j3HUjSl1Y5uElhPqpt2A,40.75655178807051,-73.99022753143808,14.377904,298.5923,90.63202,358.19244,2018,7,A7j3HUjSl1Y5uElhPqpt2A_left_cropped.png
0LnYT_xHjfVQqocbdTlJPw,40.72136815919496,-73.9885704082449,11.597559,19.254814,89.64413,1.7183018,2023,4,0LnYT_xHjfVQqocbdTlJPw_right_cropped.png
mm_-YsE1x87mSXZ88qnrPg,40.8086960523618,-73.96590279251187,29.225569,40.3375,92.33874,359.918,2019,7,mm_-YsE1x87mSXZ88qnrPg_right_cropped.png
0HICEUs6NwQSYyaq0w_geg,40.70605590995314,-74.00747600612794,4.8612328,217.76929,90.58634,359.31503,2021,7,0HICEUs6NwQSYyaq0w_geg_left_cropped.png
BtOiADI0-Tt3ohXe8SaUeQ,40.78542555310791,-73.96975621550247,34.49832,117.39909,90.3329,2.9593542,2014,5,BtOiADI0-Tt3ohXe8SaUeQ_right_cropped.png
oGpmHAs2RQD_yUUOMs-RdQ,40.76145029163374,-73.9860424607754,18.521141,299.2974,88.79053,358.76953,2011,5,oGpmHAs2RQD_yUUOMs-RdQ_left_cropped.png
0H4C8ZUtjRWD4XCgEIvoDA,40.75874659576655,-73.97960160850579,20.776316,302.11386,88.63582,359.57196,2011,8,0H4C8ZUtjRWD4XCgEIvoDA_right_cropped.png
Mm61GZYrad81Q68B_3e6Fw,40.75291508602736,-73.98930427885294,14.683506,208.64995,90.925575,359.3938,2016,9,Mm61GZYrad81Q68B_3e6Fw_right_cropped.png
pjEBEzTkwWYjkZx9SFEpRw,40.77967097869503,-73.97813083102763,26.502886,297.57272,89.07419,358.89758,2009,5,pjEBEzTkwWYjkZx9SFEpRw_left_cropped.png
sSIlB63DF-uUlOycbfwJmA,40.77423712695209,-73.96321858784243,20.18854,119.359726,89.44327,359.4391,2017,10,sSIlB63DF-uUlOycbfwJmA_right_cropped.png
8VmjuzwEkoAZ5Jk7wGAZKQ,40.84981684448399,-73.9331135699216,57.11939,296.32938,90.78736,359.85205,2017,10,8VmjuzwEkoAZ5Jk7wGAZKQ_left_cropped.png
0ES73Um6GQpqObqG60Xfjg,40.7143173806105,-73.99353196093821,13.554196,264.1634,88.45072,359.09567,2009,4,0ES73Um6GQpqObqG60Xfjg_right_cropped.png
mLNhkHClIX4q0Md2JkXsBQ,40.72005201597145,-73.99700724003758,10.5955105,16.084711,90.829605,1.0397608,2019,6,mLNhkHClIX4q0Md2JkXsBQ_left_cropped.png
OSKscrHpEDjccSu64bzvTQ,40.73688594925203,-74.00349610612486,9.411397,79.95577,92.36522,358.65784,2016,11,OSKscrHpEDjccSu64bzvTQ_left_cropped.png
mjZh9G994E3RR0yI7jL63Q,40.76083289356388,-73.99464304922834,9.498605,35.400127,91.71046,358.6488,2023,3,mjZh9G994E3RR0yI7jL63Q_left_cropped.png
FD98Gmk1DDsdH3KpVcpGLw,40.74044046083871,-73.98300026644807,11.354059,277.90283,90.27111,358.91763,2014,7,FD98Gmk1DDsdH3KpVcpGLw_left_cropped.png
QKVWb55rlcYrXBwBN8qNUQ,40.745305129546,-74.00430550651186,4.9004855,119.42881,90.4548,359.92984,2009,5,QKVWb55rlcYrXBwBN8qNUQ_right_cropped.png
0jBDCSG3RI0Do-zpUt9vPA,40.77027928655574,-73.98142345225725,25.193493,298.72647,90.94196,1.4258438,2012,8,0jBDCSG3RI0Do-zpUt9vPA_left_cropped.png
Ii3doM8DWFVk9vVii5TD2Q,40.83990981924516,-73.94319878621235,44.35428,195.64696,91.13511,0.9723925,2014,9,Ii3doM8DWFVk9vVii5TD2Q_right_cropped.png
0JtVO0SmwbILNg4w3DQx6w,40.76261936773802,-73.98104143683527,22.389288,300.682,89.18983,1.0875286,2014,10,0JtVO0SmwbILNg4w3DQx6w_right_cropped.png
6Vco1HQZnRa6jebgeS6mUA,40.76624652903099,-73.9954828845909,7.559972,118.710846,91.20312,359.56763,2015,8,6Vco1HQZnRa6jebgeS6mUA_right_cropped.png
0Fd2-EMoSL8aQH71VSr42Q,40.70825111694688,-74.00654557394762,8.367399,131.55385,88.27978,358.27335,2012,8,0Fd2-EMoSL8aQH71VSr42Q_right_cropped.png
0jSQ8L9Wu45zxv3_YFU-TA,40.70910925578099,-74.00549337406143,9.135151,302.82663,90.555984,1.539517,2019,6,0jSQ8L9Wu45zxv3_YFU-TA_right_cropped.png
MKvg1vu2V1mRsiv3C4LNDQ,40.81951240524164,-73.93802990823603,6.595159,296.17038,91.15366,0.9199779,2013,8,MKvg1vu2V1mRsiv3C4LNDQ_left_cropped.png
0-FfU4tju9lnk_8UEo7Ejg,40.72478671563425,-73.99887617293567,10.801242,304.53018,88.156494,0.38110045,2013,8,0-FfU4tju9lnk_8UEo7Ejg_right_cropped.png
g5fAAxWOY0Eo12ofz1xdKA,40.72275526931917,-73.99592880464758,13.787472,21.186203,91.39329,0.80722606,2016,11,g5fAAxWOY0Eo12ofz1xdKA_right_cropped.png
GlXr0taGK0uX2WIb3nCspA,40.74902298029688,-73.99182016757375,12.525478,297.55597,88.65477,0.5120242,2014,10,GlXr0taGK0uX2WIb3nCspA_right_cropped.png
GwsByDzQyaBW1MfX7CjFHQ,40.78717459131961,-73.97760720964904,23.035162,213.40074,91.12949,0.9687498,2016,10,GwsByDzQyaBW1MfX7CjFHQ_right_cropped.png
j5OWacKN5bCrgS0_NYbhjg,40.73205340522544,-73.98835519639078,12.456905,118.8594,88.39962,359.91208,2014,6,j5OWacKN5bCrgS0_NYbhjg_left_cropped.png
Del_Y2qBdSZF_bB8DAEz9w,40.78273367488423,-73.97131861988757,31.224426,140.01378,90.29884,0.9954347,2014,5,Del_Y2qBdSZF_bB8DAEz9w_right_cropped.png
mmdUOilk44q8-22C4tAjyw,40.73533348585512,-73.98979720087618,14.218303,333.73294,89.81872,359.35574,2009,5,mmdUOilk44q8-22C4tAjyw_left_cropped.png
O43s-EvngQt8MQqGDrBgMQ,40.78593372955876,-73.95710208484125,31.467733,272.17267,89.86309,0.14741224,2013,9,O43s-EvngQt8MQqGDrBgMQ_right_cropped.png
kC3749CL3PPEmoOCRI6URQ,40.77503697557521,-73.96315733408896,22.117468,293.1236,88.77746,359.838,2013,9,kC3749CL3PPEmoOCRI6URQ_right_cropped.png
pj3ni1XniVg9Jdnek83gew,40.73773618901276,-74.0038756558851,7.666657,358.91272,89.42048,359.79953,2022,7,pj3ni1XniVg9Jdnek83gew_right_cropped.png
JZPjqlEgmq6sLH7aPFk2Gw,40.77964224428774,-73.96196023633071,26.928965,26.147852,82.5976,359.3656,2021,7,JZPjqlEgmq6sLH7aPFk2Gw_left_cropped.png
MMETe3q48dF5gSueHVFLgA,40.84368516287358,-73.93840366719256,63.315655,117.742485,90.52024,1.059923,2019,11,MMETe3q48dF5gSueHVFLgA_right_cropped.png
0H2a1nFUT8lpS1Ujs8N0AQ,40.74898101308383,-73.97986032284882,25.091215,296.13403,92.41844,0.4907412,2011,6,0H2a1nFUT8lpS1Ujs8N0AQ_right_cropped.png
0ijFWE3xwPjwqJ36SQFx3A,40.72903347215779,-73.98120087904503,6.4571543,119.94455,89.7296,0.30615932,2017,9,0ijFWE3xwPjwqJ36SQFx3A_left_cropped.png
Jptc6HzNYynWuGqsj97qdA,40.71886761888349,-73.98517917940146,9.012722,19.82392,89.21277,2.8609946,2014,10,Jptc6HzNYynWuGqsj97qdA_right_cropped.png
mmIjMCWJGUk-cW5q2gDZzg,40.76449807167787,-73.95802674751347,15.385024,300.10953,90.68109,0.25046906,2014,5,mmIjMCWJGUk-cW5q2gDZzg_right_cropped.png
nEeAjaDrXMyj-8nY3_ScsQ,40.78681973830043,-73.94815451165621,9.167989,29.003077,88.77157,2.1655,2021,9,nEeAjaDrXMyj-8nY3_ScsQ_right_cropped.png
CfeJtRC0JTE1I3dD2LmtAw,40.72359208654559,-73.98326518637498,7.835682,118.10104,88.567444,358.09534,2014,6,CfeJtRC0JTE1I3dD2LmtAw_left_cropped.png
0ksU6dXv0hpC3L7Qcxz7-w,40.721632941286,-73.99360782109727,14.1332445,195.57036,88.18579,0.9756594,2011,6,0ksU6dXv0hpC3L7Qcxz7-w_right_cropped.png
PZ_APfkxBiGbuc2JayyJ3A,40.71930489795535,-73.9972114130787,9.600282,113.40888,89.97175,358.36246,2019,6,PZ_APfkxBiGbuc2JayyJ3A_left_cropped.png
GKM4YuZETwgawmE8FOg4pA,40.76921236655956,-73.96309652873316,25.763935,209.05609,90.68297,0.82572615,2021,10,GKM4YuZETwgawmE8FOg4pA_right_cropped.png
0lbOkped8nkrwCpPJXOJkA,40.75117632535636,-73.99692896019732,13.044167,298.16055,89.853806,0.1715272,2014,10,0lbOkped8nkrwCpPJXOJkA_left_cropped.png
MMH9ASAiXW2w86rz9qtdvA,40.75848948680559,-73.97319336286456,17.649456,209.35014,89.21039,359.49435,2017,11,MMH9ASAiXW2w86rz9qtdvA_right_cropped.png
0GsKFrXBD4HQNNkYNJZYJQ,40.75898095231636,-73.97252095057343,16.606905,28.425549,90.137856,1.6661991,2009,4,0GsKFrXBD4HQNNkYNJZYJQ_right_cropped.png
9apbjkmAK59eJEKorEpOaw,40.75123036517665,-73.99896745365135,10.792725,118.77126,89.72192,0.7557968,2014,6,9apbjkmAK59eJEKorEpOaw_left_cropped.png
0ILyTT30NvHPkQMXGSuCMA,40.78017607853956,-73.9442104271542,4.2276835,184.327,89.15903,0.6625947,2016,5,0ILyTT30NvHPkQMXGSuCMA_right_cropped.png
0F10PoTSXgLRB04XnnGVAA,40.72998936503806,-73.99407616276223,12.954024,122.50811,91.341545,359.10074,2012,7,0F10PoTSXgLRB04XnnGVAA_left_cropped.png
MNa0xRInSP5PSJvuiLJa2w,40.74969553300374,-73.98160576122737,25.263927,296.76602,89.17302,359.78943,2014,9,MNa0xRInSP5PSJvuiLJa2w_left_cropped.png
pH9cVZgwmgq-w4j-sMiQDA,40.71269392427004,-74.00803828014108,12.231975,120.989456,90.64694,1.4135967,2017,10,pH9cVZgwmgq-w4j-sMiQDA_right_cropped.png
0kB9lkZ6WJO2EUj5bZJ9Zw,40.71317236257314,-73.99261661518749,11.771408,84.58414,90.428986,0.71889406,2018,7,0kB9lkZ6WJO2EUj5bZJ9Zw_right_cropped.png
1S_P2BBp8sbngD8OGOpDlA,40.71598065442319,-73.9930894427455,14.6903105,22.803637,89.50117,358.6451,2012,7,1S_P2BBp8sbngD8OGOpDlA_left_cropped.png
mKNoDBdYMBB28VzX74OkIg,40.79671339619657,-73.9488810022816,6.4588685,31.542612,90.20484,2.2705462,2014,9,mKNoDBdYMBB28VzX74OkIg_left_cropped.png
Mmhj2uVQ-MIqmHpdCWOKvQ,40.74872715767314,-73.99111876726316,12.850588,298.8756,88.90842,359.7698,2014,6,Mmhj2uVQ-MIqmHpdCWOKvQ_right_cropped.png
8tv73JVB2iIlSIFbMotG5w,40.79141539948722,-73.94835873651891,5.578038,121.783035,88.51484,1.1075575,2016,5,8tv73JVB2iIlSIFbMotG5w_right_cropped.png
SpQZ3aB3DDpa-vmVZdbpaw,40.73874639346526,-74.00957921269548,2.9181714,48.98419,90.73699,0.97091013,2009,5,SpQZ3aB3DDpa-vmVZdbpaw_right_cropped.png
37Wqm_Wa6ph62nir5_xATg,40.72165564533952,-74.00532364072139,4.132313,358.56567,90.87959,358.74588,2019,6,37Wqm_Wa6ph62nir5_xATg_left_cropped.png
0l9tkn3-U87Tf4dHtSg2rA,40.72098354631346,-73.99394130056588,13.442087,131.01503,88.51861,0.4647118,2014,9,0l9tkn3-U87Tf4dHtSg2rA_right_cropped.png
0jcVPZy2lYgYBCe7AtzbYA,40.70619251191553,-74.00336896171841,2.2223055,222.432,76.2249,355.32053,2021,3,0jcVPZy2lYgYBCe7AtzbYA_right_cropped.png
EZx9rGh7tESvKUCMImDvQg,40.74887525755159,-73.97579080006855,11.584358,29.039494,88.91982,1.6889993,2018,7,EZx9rGh7tESvKUCMImDvQg_right_cropped.png
MlgeaKEzPiQab5xtO6ldtg,40.7409866340965,-74.00512808405577,6.1145744,187.64195,90.038536,359.21387,2009,5,MlgeaKEzPiQab5xtO6ldtg_right_cropped.png
6xbwotI3xQS5qHmspKTRgw,40.71763190759489,-73.98862636328745,11.71849,21.152317,90.504395,1.7463083,2019,10,6xbwotI3xQS5qHmspKTRgw_right_cropped.png
6qsNKlv8n-NGuyYzI0M-5A,40.71623580040428,-74.00916784427486,8.23616,339.30685,90.880356,357.9953,2016,9,6qsNKlv8n-NGuyYzI0M-5A_right_cropped.png
7myg7hoo6_F0tKDMSafd9Q,40.75369992979333,-73.98531404775595,20.064512,117.102264,89.556854,356.97556,2011,7,7myg7hoo6_F0tKDMSafd9Q_left_cropped.png
hcsRNJR-TQ3647N0kSQhCQ,40.74753663019004,-73.98830820843722,14.172672,297.67047,89.97772,359.44943,2017,11,hcsRNJR-TQ3647N0kSQhCQ_right_cropped.png
dH95RM6QQ8lRlUDZ18Gccw,40.77543757897791,-73.94602892791794,11.982484,119.20093,88.407875,0.7513726,2013,8,dH95RM6QQ8lRlUDZ18Gccw_left_cropped.png
0iT2ict-HBrJK8SWwppg6g,40.73703600794661,-74.00825194562584,4.630054,173.85902,90.39139,0.10831568,2009,5,0iT2ict-HBrJK8SWwppg6g_right_cropped.png
mlItm_4v1nITVQPzLSMAYw,40.71946775585145,-73.98866492204125,11.998012,198.2538,89.56819,357.9388,2018,7,mlItm_4v1nITVQPzLSMAYw_right_cropped.png
aWCzn6bt3NbIpRh44M98dg,40.71470902502629,-73.98259280929855,12.321084,107.7682,87.95036,359.6659,2011,6,aWCzn6bt3NbIpRh44M98dg_right_cropped.png
R5VuMv7nncFuP9f8H9fewg,40.79968336849586,-73.9679636767105,32.32271,118.30509,91.89877,359.80453,2016,10,R5VuMv7nncFuP9f8H9fewg_left_cropped.png
MlVxNJJuPju1A5zZn2UQSg,40.78137703364585,-73.97624806519673,26.811464,120.67994,89.41644,0.87053996,2014,5,MlVxNJJuPju1A5zZn2UQSg_right_cropped.png
-tQjcEKAQWkQ6CnqRmfoGA,40.75106292535735,-73.9907653760303,13.773548,299.07272,90.2825,359.39954,2013,1,-tQjcEKAQWkQ6CnqRmfoGA_left_cropped.png
qkTbhC9SFatUzRJ5ZeX1FQ,40.78400771489166,-73.9563797507066,34.773262,299.452,90.333374,359.69104,2017,10,qkTbhC9SFatUzRJ5ZeX1FQ_left_cropped.png
tGxUj7cwjifeqVGIkWL2wA,40.77733576434113,-73.98267181238191,25.22564,118.949066,91.384895,359.1093,2009,5,tGxUj7cwjifeqVGIkWL2wA_right_cropped.png
B7SNCsJs4QZveWdDQuGCKg,40.77085055430216,-73.96111263138013,20.613363,298.7884,90.226364,359.7639,2013,9,B7SNCsJs4QZveWdDQuGCKg_right_cropped.png
b1bjDcF0LkTqzLDzA_dxSw,40.75954727169761,-73.98931055583773,12.981933,298.7352,88.52437,358.2558,2011,6,b1bjDcF0LkTqzLDzA_dxSw_right_cropped.png
lGlw88esnABU8ARHAoDYeg,40.77747100910846,-73.94864664208549,13.889116,300.5959,89.86225,2.9649396,2013,9,lGlw88esnABU8ARHAoDYeg_right_cropped.png
mMvuVG9_BZ0P7p5sV9FbXA,40.71798241787907,-73.99804505015508,11.206287,24.51803,87.72448,358.63202,2017,11,mMvuVG9_BZ0P7p5sV9FbXA_right_cropped.png
lXimlQh-4vR2XwWYahheDw,40.72385249581537,-74.00036266232016,8.073976,40.43569,88.969444,358.12152,2014,9,lXimlQh-4vR2XwWYahheDw_left_cropped.png
0L9nS_ovxnPaTlIvWnpqfA,40.74092150993901,-73.99390507426824,11.825604,118.75469,90.141335,359.1052,2009,5,0L9nS_ovxnPaTlIvWnpqfA_left_cropped.png
MNDd0pC6TssR2Q45MtPoBg,40.78443520337471,-73.9792500792738,22.224157,118.706825,90.41939,0.1604782,2009,5,MNDd0pC6TssR2Q45MtPoBg_left_cropped.png
0LJKGbsZtqDfCd1SZIKAMQ,40.79057990196819,-73.9798792444041,24.741146,258.73962,90.09603,0.03498214,2014,5,0LJKGbsZtqDfCd1SZIKAMQ_left_cropped.png
-hcN6Dux8hxUHGMdy7NymQ,40.84960134024551,-73.93667290691432,56.88549,106.39605,87.19972,1.476094,2021,8,-hcN6Dux8hxUHGMdy7NymQ_right_cropped.png
0iSnmkk6yWDf5Fzu_gZY-g,40.80052649225551,-73.96802223850253,33.663177,299.04996,89.61893,358.12918,2014,8,0iSnmkk6yWDf5Fzu_gZY-g_right_cropped.png
